Acc_Index,Vehicle_Reference,Vehicle_Type,Towing_and_Articulation,Vehicle_Manoeuvre,Vehicle_Location-Restricted_Lane,Junction_Location,Skidding_and_Overturning,Hit_Object_in_Carriageway,Vehicle_Leaving_Carriageway,Hit_Object_off_Carriageway,1st_Point_of_Impact,Was_Vehicle_Left_Hand_Drive?,Journey_Purpose_of_Driver,Sex_of_Driver,Age_Band_of_Driver,Engine_Capacity_(CC),Propulsion_Code,Age_of_Vehicle,Driver_IMD_Decile,Driver_Home_Area_Type
2.00512E+12,1,5,0,4,0,0,5,0,0,0,1,1,15,1,6,1157,1,4,-1,-1
2.00512E+12,1,5,0,17,0,0,0,0,1,10,1,1,15,1,8,849,1,5,-1,-1
2.00512E+12,2,3,0,18,1,0,0,0,0,0,1,1,15,1,4,124,1,3,-1,-1
2.00512E+12,1,9,0,9,0,1,0,11,0,0,1,1,15,1,9,1389,1,11,-1,-1
2.00512E+12,1,9,0,5,0,6,0,0,0,0,1,1,2,1,8,1796,1,8,-1,-1
2.00512E+12,2,5,0,18,0,1,0,0,0,0,1,1,2,1,6,1002,1,9,-1,-1
2.00512E+12,1,9,0,9,0,1,0,0,0,0,3,1,15,1,6,1598,1,9,-1,-1
2.00512E+12,1,9,0,18,0,0,0,0,0,0,1,1,2,2,8,1149,1,5,-1,-1
2.00512E+12,2,9,0,3,0,0,0,0,0,0,2,1,2,2,6,1796,1,1,-1,-1
2.00512E+12,3,9,0,3,0,0,0,0,0,0,2,1,2,1,6,1781,1,8,-1,-1
2.00512E+12,2,9,0,11,0,8,0,0,0,0,4,1,15,3,-1,1598,1,2,-1,-1
2.00512E+12,1,9,0,18,0,0,2,10,7,2,4,1,15,1,4,1390,1,9,-1,-1
2.00512E+12,2,9,0,16,0,7,0,10,0,0,1,1,15,3,-1,1597,1,11,-1,-1
2.00512E+12,1,2,0,18,0,0,1,0,0,0,0,1,15,1,4,49,1,4,-1,-1
2.00512E+12,1,9,0,7,0,4,0,0,0,0,1,1,15,1,5,1597,1,5,-1,-1
2.00512E+12,1,9,0,9,0,5,0,0,0,0,4,1,2,2,5,1124,1,2,-1,-1
2.00512E+12,2,3,0,18,0,1,0,0,0,0,1,1,15,1,8,124,1,1,-1,-1
2.00512E+12,2,9,0,18,0,1,0,0,0,0,1,1,2,2,6,1242,1,-1,-1,-1
2.00512E+12,1,9,0,16,0,1,0,0,0,0,4,1,3,1,7,1332,1,8,-1,-1
2.00512E+12,1,9,0,18,0,0,0,0,0,0,1,1,15,1,5,1799,1,9,-1,-1
2.00512E+12,1,9,0,5,0,2,0,0,0,0,1,1,2,1,4,1587,1,2,-1,-1
2.00512E+12,4,9,0,3,0,2,0,0,0,0,2,1,2,2,6,1388,1,2,-1,-1
2.00512E+12,1,9,0,9,0,6,0,0,0,0,4,1,15,1,6,1272,1,14,-1,-1
2.00512E+12,2,9,0,18,0,8,0,0,0,0,3,1,2,2,7,1796,1,11,-1,-1
2.00512E+12,2,4,0,18,0,5,0,0,0,0,1,1,2,1,5,399,1,17,-1,-1
2.00512E+12,1,9,0,3,0,1,0,0,0,0,1,1,15,1,6,1796,1,1,-1,-1
2.00512E+12,2,2,0,11,0,1,0,0,0,0,1,1,15,2,8,49,1,2,-1,-1
2.00512E+12,1,9,0,5,0,6,0,0,0,0,3,1,15,2,5,1093,1,22,-1,-1
2.00512E+12,2,9,0,18,0,8,1,0,0,0,4,1,15,2,6,1199,1,3,-1,-1
2.00512E+12,2,9,0,18,0,1,1,0,0,0,2,1,1,1,7,1769,1,5,-1,-1
2.00512E+12,2,9,0,18,0,1,0,0,0,0,1,1,15,2,7,1587,1,2,-1,-1
2.00512E+12,1,9,0,18,0,1,1,0,0,0,1,1,15,1,5,1390,1,7,4,1
2.00512E+12,2,9,0,18,0,1,0,0,0,0,2,1,15,1,7,1242,1,3,5,1
2.00512E+12,1,2,0,18,0,0,0,0,0,0,0,1,15,2,4,49,1,5,-1,-1
2.00512E+12,2,9,0,18,0,1,0,0,0,0,1,1,15,1,10,1124,1,11,-1,-1
2.00512E+12,1,9,0,14,0,0,1,0,0,0,1,1,15,1,4,1769,1,14,-1,-1
2.00512E+12,1,2,0,13,0,0,0,0,0,0,2,1,2,1,4,49,1,3,-1,-1
2.00512E+12,2,9,0,18,0,0,0,0,0,0,3,1,15,1,10,1598,1,13,-1,-1
2.00512E+12,1,9,0,17,0,0,2,10,1,4,1,1,4,1,4,1242,1,4,-1,-1
2.00512E+12,1,9,0,17,0,0,2,10,1,0,4,1,15,2,5,1299,1,4,-1,-1
2.00512E+12,1,9,0,9,0,1,0,0,0,0,1,1,1,1,7,973,1,4,-1,-1
2.00512E+12,2,5,0,18,0,1,0,0,0,0,1,1,15,1,7,600,1,5,-1,-1
2.00512E+12,1,9,0,9,0,2,0,0,0,0,3,1,1,1,7,1299,1,4,-1,-1
2.00512E+12,4,9,0,18,0,1,0,0,0,0,1,1,15,2,7,1581,1,5,-1,-1
2.00512E+12,1,9,0,5,0,4,0,0,0,0,2,1,2,2,5,1120,1,9,-1,-1
2.00512E+12,1,9,0,9,0,8,0,0,0,0,3,1,15,1,6,1598,1,6,-1,-1
2.00512E+12,1,5,0,18,0,0,0,0,0,0,2,1,15,1,6,918,1,8,-1,-1
2.00512E+12,2,9,0,3,0,1,0,0,0,0,2,1,2,1,6,1596,1,2,-1,-1
2.00512E+12,1,9,0,18,0,1,0,0,0,0,1,1,1,2,7,1199,1,1,-1,-1
2.00512E+12,1,9,0,4,0,0,0,0,0,0,1,1,3,1,7,1360,1,1,-1,-1
2.00512E+12,1,9,0,18,0,0,0,0,0,0,1,1,15,2,7,1999,1,-1,-1,-1
2.00512E+12,1,9,0,18,0,3,0,0,0,0,1,1,2,2,8,1998,1,2,-1,-1
2.00512E+12,1,9,0,18,0,1,0,0,0,0,4,1,15,1,7,1396,1,9,-1,-1
2.00512E+12,1,9,0,18,0,0,0,0,1,10,1,1,15,1,4,1392,1,13,-1,-1
2.00512E+12,2,9,0,18,0,0,0,0,0,0,2,1,15,1,6,2401,1,-1,-1,-1
2.00512E+12,1,9,0,5,5,1,0,0,0,0,1,1,15,1,10,1396,1,4,-1,-1
2.00512E+12,1,9,0,9,0,6,0,0,0,0,3,1,15,1,7,1389,1,9,9,3
2.00512E+12,2,9,0,18,0,1,1,0,0,0,1,1,15,1,8,1796,1,2,7,3
2.00512E+12,1,9,0,10,0,0,0,0,0,0,2,1,2,1,-1,1597,1,12,-1,-1
2.00512E+12,2,9,0,10,0,0,0,0,0,0,2,1,2,1,-1,1796,1,12,-1,-1
2.00512E+12,3,9,0,18,0,0,0,0,0,0,1,1,2,1,9,1339,1,1,-1,-1
2.00512E+12,1,9,0,18,0,8,0,0,0,0,1,1,15,1,9,1598,1,1,-1,-1
2.00512E+12,1,9,0,9,8,8,0,0,0,0,3,1,15,1,7,1796,1,5,-1,-1
2.00512E+12,2,4,0,18,0,8,0,0,0,0,1,1,15,1,8,1000,1,21,-1,-1
2.00512E+12,2,9,0,18,0,1,0,0,1,0,1,1,15,1,5,1390,1,1,-1,-1
2.00512E+12,3,9,0,18,0,1,0,0,0,0,1,1,15,2,8,1596,1,2,-1,-1
2.00512E+12,1,8,0,9,0,1,0,0,0,0,4,1,15,1,7,1796,1,8,-1,-1
2.00512E+12,1,9,0,9,0,8,0,0,0,0,4,1,15,2,4,999,1,6,-1,-1
2.00512E+12,1,9,0,9,0,8,0,0,0,0,1,1,2,2,9,1598,1,7,-1,-1
2.00512E+12,2,9,0,18,0,8,1,0,0,0,1,1,2,1,6,1598,1,10,-1,-1
2.00512E+12,1,9,0,9,0,4,0,0,0,0,1,1,15,1,10,1229,1,1,-1,-1
2.00512E+12,2,9,0,7,0,3,1,0,7,2,4,1,15,1,9,1797,1,12,-1,-1
2.00512E+12,1,2,0,18,0,0,0,10,1,0,4,1,15,1,4,49,1,-1,-1,-1
2.00512E+12,1,9,0,4,0,0,0,0,0,0,2,1,15,2,8,998,1,4,-1,-1
2.00512E+12,2,9,0,4,0,0,0,0,0,0,1,1,15,1,9,1800,1,6,-1,-1
2.00512E+12,1,9,0,9,0,2,0,0,0,0,1,1,15,2,5,1124,1,9,-1,-1
2.00512E+12,2,5,0,18,0,1,0,0,0,0,3,1,15,1,8,1157,1,4,-1,-1
2.00512E+12,2,9,0,11,0,0,0,0,0,0,1,1,15,2,7,1596,1,4,-1,-1
2.00512E+12,2,9,0,18,0,0,0,0,0,0,0,1,15,1,7,1985,1,34,-1,-1
2.00512E+12,1,8,0,18,0,0,0,0,0,0,3,1,1,1,9,1796,1,8,-1,-1
2.00512E+12,2,9,0,18,0,8,1,0,0,0,1,1,15,2,6,1598,1,6,-1,-1
2.00512E+12,2,9,0,10,0,7,0,0,0,0,2,1,15,1,6,1493,1,7,-1,-1
2.00512E+12,1,3,0,18,0,1,0,0,0,0,1,1,2,1,8,85,1,6,-1,-1
2.00512E+12,1,3,0,13,0,1,1,0,0,0,4,1,15,1,6,125,1,4,-1,-1
2.00512E+12,1,8,0,7,0,1,0,0,0,0,4,1,1,2,7,1988,1,7,3,1
2.00512E+12,1,9,0,9,0,1,0,0,0,0,1,1,15,1,7,2597,1,3,-1,-1
2.00512E+12,2,3,0,18,0,1,0,0,7,0,1,1,15,1,9,98,1,1,-1,-1
2.00512E+12,1,9,0,18,0,8,1,0,0,0,1,1,1,1,5,1988,1,12,-1,-1
2.00512E+12,2,9,0,18,0,8,0,0,0,0,1,1,15,1,8,2544,1,9,-1,-1
2.00512E+12,1,9,0,18,0,1,0,0,0,0,4,1,2,2,7,1389,1,11,-1,-1
2.00512E+12,1,9,0,7,0,6,0,0,0,0,1,1,15,1,5,1341,1,4,-1,-1
2.00512E+12,2,9,0,18,0,1,0,0,0,0,3,1,15,2,5,1761,1,5,-1,-1
2.00512E+12,1,9,0,4,0,1,1,0,0,0,1,1,15,1,4,1149,1,6,-1,-1
2.00512E+12,2,9,0,3,0,1,0,0,0,0,2,1,15,1,8,1998,1,10,-1,-1
2.00512E+12,3,9,0,3,0,1,0,0,0,0,1,1,15,2,8,1392,1,8,-1,-1
2.00512E+12,1,9,0,9,0,1,0,0,0,0,1,1,15,1,10,1598,1,2,-1,-1
2.00512E+12,2,9,0,18,0,1,0,0,0,0,1,1,15,1,6,1242,1,1,-1,-1
2.00512E+12,1,9,0,18,0,0,0,0,0,0,1,1,15,1,6,1998,1,7,-1,-1
2.00512E+12,2,9,0,18,0,1,0,0,0,0,0,1,15,1,8,1332,1,7,-1,-1
2.00512E+12,1,9,0,4,0,1,0,0,7,10,1,1,15,1,5,1596,1,2,-1,-1
2.00512E+12,1,9,0,4,0,1,0,0,0,0,1,1,15,2,6,1800,1,7,-1,-1
2.00512E+12,1,9,0,18,0,1,0,0,7,1,4,1,15,1,6,1799,1,8,-1,-1
2.00512E+12,2,9,0,18,0,1,0,0,1,0,1,1,15,1,7,1997,1,5,-1,-1
2.00512E+12,2,9,0,4,0,1,0,0,0,0,0,1,15,1,10,1299,1,10,-1,-1
2.00512E+12,3,9,0,18,0,1,1,0,0,0,1,1,15,2,9,1108,1,9,-1,-1
2.00512E+12,2,9,0,5,0,0,0,0,0,0,3,1,15,2,6,998,1,5,-1,-1
2.00512E+12,1,9,0,16,0,0,1,0,7,0,1,1,15,1,4,1242,1,3,-1,-1
2.00512E+12,1,9,0,18,0,8,2,7,3,2,1,1,15,1,5,1389,1,12,-1,-1
2.00512E+12,2,9,0,18,0,8,0,0,0,0,0,1,1,1,7,2401,1,-1,-1,-1
2.00512E+12,2,9,0,4,0,0,0,0,0,0,2,1,15,1,9,993,1,4,-1,-1
2.00512E+12,3,9,0,4,0,0,0,0,0,0,2,1,15,1,7,1598,1,1,-1,-1
2.00512E+12,1,9,0,3,0,0,0,0,0,0,2,1,15,1,4,1388,1,-1,-1,-1
2.00512E+12,2,9,0,18,0,0,1,0,0,0,1,1,15,2,6,1396,1,14,-1,-1
2.00512E+12,1,9,0,18,0,0,0,0,0,0,0,1,15,1,8,1796,1,16,3,1
2.00512E+12,2,9,0,18,0,8,0,0,0,0,1,1,15,2,8,1986,1,14,-1,-1
2.00512E+12,1,9,0,2,0,2,0,0,0,0,3,1,15,1,8,1149,1,-1,-1,-1
2.00512E+12,1,9,0,9,0,5,0,0,0,0,1,1,1,2,8,1386,1,-1,-1,-1
2.00512E+12,1,9,0,2,0,1,0,0,0,0,4,1,15,2,8,1840,1,4,-1,-1
2.00512E+12,1,9,0,7,0,5,0,0,0,0,4,1,15,1,6,1597,1,11,-1,-1
2.00512E+12,2,2,0,18,0,1,0,0,0,0,1,1,15,1,4,49,1,3,-1,-1
2.00512E+12,1,9,0,9,0,8,1,0,7,10,1,1,15,2,4,1390,1,13,-1,-1
2.00512E+12,2,9,0,18,0,1,0,0,0,0,2,1,15,1,7,1796,1,2,-1,-1
2.00512E+12,1,9,0,16,0,4,1,10,8,7,1,1,15,1,4,1360,1,11,-1,-1
2.00512E+12,2,9,0,10,0,1,0,0,7,0,2,1,2,2,8,1995,1,2,9,2
2.00512E+12,1,9,0,17,0,0,0,10,1,4,1,1,15,1,6,1988,1,8,-1,-1
2.00512E+12,2,9,0,17,0,0,0,0,0,0,1,1,15,2,10,1799,1,9,-1,-1
2.00512E+12,1,9,0,18,0,0,0,0,0,0,1,1,15,1,10,1299,1,2,-1,-1
2.00512E+12,1,9,0,18,0,4,0,0,0,0,1,1,1,1,10,1396,1,6,-1,-1
2.00512E+12,2,9,0,2,0,4,0,0,0,0,2,1,1,2,6,1800,1,5,-1,-1
2.00512E+12,1,9,0,18,0,7,5,0,2,9,1,1,2,1,4,998,1,1,-1,-1
2.00512E+12,1,9,0,18,0,0,0,0,0,0,4,1,15,1,6,1497,1,2,-1,-1
2.00512E+12,1,9,0,18,0,4,0,0,0,0,1,1,1,2,6,1242,1,3,-1,-1
2.00512E+12,1,9,0,9,0,8,0,0,0,0,1,1,15,1,5,1589,1,12,-1,-1
2.00512E+12,2,4,0,18,0,8,0,0,0,0,1,1,15,1,7,150,1,35,-1,-1
2.00512E+12,2,9,0,7,0,5,0,0,0,0,1,1,15,1,4,1598,1,5,-1,-1
2.00512E+12,1,9,0,7,0,5,0,0,0,0,4,1,2,2,9,1985,1,5,-1,-1
2.00512E+12,1,9,0,2,0,0,0,0,0,0,0,1,15,1,7,1598,1,12,-1,-1
2.00512E+12,1,9,0,9,0,5,0,0,0,0,2,1,15,1,6,1399,1,-1,-1,-1
2.00512E+12,2,9,0,18,0,1,0,0,0,0,1,1,15,1,4,1587,1,2,-1,-1
2.00512E+12,1,2,0,18,0,0,1,0,0,0,4,1,1,2,6,49,1,2,-1,-1
2.00512E+12,1,9,0,13,0,0,0,0,0,0,1,1,15,1,5,1820,1,11,-1,-1
2.00512E+12,2,5,0,18,0,0,0,0,0,0,1,1,15,1,7,1164,1,1,-1,-1
2.00512E+12,3,9,0,18,0,0,0,0,0,0,0,1,15,2,7,1796,1,12,-1,-1
2.00512E+12,2,9,0,9,0,1,0,0,7,1,3,1,15,1,10,998,1,12,-1,-1
2.00512E+12,1,9,0,18,0,0,0,0,0,0,0,1,2,2,9,3179,1,2,-1,-1
2.00512E+12,1,9,0,9,0,1,0,0,0,0,1,1,15,1,10,973,1,4,-1,-1
2.00512E+12,1,9,0,18,0,8,0,0,0,0,1,1,2,2,8,1398,1,3,-1,-1
2.00512E+12,2,9,0,18,0,8,0,0,0,0,4,1,1,2,8,1299,1,7,-1,-1
2.00512E+12,3,9,0,18,0,1,0,0,0,0,1,1,15,1,7,2198,1,1,-1,-1
2.00512E+12,1,3,0,10,0,1,0,0,0,0,4,1,2,1,8,85,1,3,-1,-1
2.00512E+12,2,9,0,18,0,1,0,0,0,0,4,1,2,1,4,1242,1,9,-1,-1
2.00512E+12,1,9,0,18,0,1,0,0,0,0,4,1,1,2,7,1590,1,12,-1,-1
2.00512E+12,2,8,0,18,0,1,0,0,0,0,3,1,1,1,7,1749,1,3,-1,-1
2.00512E+12,2,3,0,18,0,3,0,0,0,0,3,1,15,1,5,124,1,3,-1,-1
2.00512E+12,1,2,0,4,0,1,1,0,0,0,0,1,15,1,4,49,1,4,9,1
2.00512E+12,1,9,0,18,0,0,1,0,5,0,1,1,2,1,6,1596,1,8,-1,-1
2.00512E+12,1,5,0,18,0,0,1,0,1,0,1,1,15,1,6,998,1,5,-1,-1
2.00512E+12,1,9,0,17,0,0,2,0,0,0,3,1,15,1,4,1587,1,4,-1,-1
2.00512E+12,2,4,0,2,0,4,0,0,0,0,1,1,1,1,9,598,1,11,-1,-1
2.00512E+12,1,9,0,7,0,3,0,0,0,0,1,1,1,2,7,1762,1,6,-1,-1
2.00512E+12,1,9,0,5,0,2,0,0,0,0,1,1,15,2,6,1587,1,5,3,1
2.00512E+12,2,9,0,18,0,0,0,0,0,0,1,1,15,1,9,1762,1,7,-1,-1
2.00512E+12,1,9,0,18,0,1,0,0,0,0,1,1,15,2,5,1199,1,2,-1,-1
2.00512E+12,1,9,0,4,0,0,0,0,0,0,1,1,15,1,4,1598,1,12,-1,-1
2.00512E+12,1,9,0,18,0,0,5,0,8,4,4,1,15,1,4,1798,1,2,7,3
2.00512E+12,2,9,0,18,0,1,0,0,1,1,1,1,1,2,7,1769,1,3,-1,-1
2.00512E+12,1,9,0,10,0,1,0,0,0,0,1,1,15,2,5,999,1,15,-1,-1
2.00512E+12,2,9,0,18,0,1,0,0,0,0,3,1,15,1,10,1598,1,2,-1,-1
2.00512E+12,1,9,0,9,0,4,0,0,0,0,3,1,15,2,7,1800,1,1,-1,-1
2.00512E+12,1,9,0,18,0,0,0,0,0,0,3,1,15,2,10,1289,1,10,-1,-1
2.00512E+12,1,9,0,18,0,0,1,0,0,0,4,1,1,1,11,1339,1,3,-1,-1
2.00512E+12,1,2,0,17,0,1,1,0,0,0,3,1,2,1,5,49,1,2,7,3
2.00512E+12,1,9,0,18,0,1,0,0,0,0,0,1,15,3,-1,1598,1,2,-1,-1
2.00512E+12,1,9,0,16,0,0,0,0,0,0,1,1,15,3,-1,1796,1,7,-1,-1
2.00512E+12,1,2,0,13,0,1,0,0,0,0,1,1,15,1,4,49,1,3,-1,-1
2.00512E+12,1,4,0,18,0,1,0,0,0,0,1,1,2,1,6,1099,1,13,-1,-1
2.00512E+12,1,9,0,18,0,1,1,0,7,2,4,1,15,1,5,1998,1,-1,-1,-1
2.00512E+12,1,9,0,3,0,4,0,0,0,0,1,1,15,1,9,1242,1,1,-1,-1
2.00512E+12,2,2,0,9,0,3,0,0,0,0,3,1,15,1,4,102,1,1,-1,-1
2.00512E+12,1,9,0,10,0,3,0,0,0,0,4,1,2,2,10,1589,1,6,-1,-1
2.00512E+12,2,9,0,5,0,3,0,0,0,0,2,1,2,2,8,1796,1,5,-1,-1
2.00512E+12,1,9,0,18,0,0,0,0,0,0,1,1,15,2,9,1298,1,12,-1,-1
2.00512E+12,2,9,0,3,0,1,0,0,1,0,2,1,2,1,8,1597,1,20,-1,-1
2.00512E+12,3,9,0,8,6,1,0,0,0,0,3,1,15,1,8,1796,1,4,-1,-1
2.00512E+12,1,5,0,5,0,1,0,0,0,0,1,1,15,1,8,1063,1,1,-1,-1
2.00512E+12,1,9,0,18,0,0,1,0,0,0,1,1,15,1,6,1242,1,7,-1,-1
2.00512E+12,2,9,0,3,0,0,0,0,0,0,2,1,15,1,6,1800,1,7,-1,-1
2.00512E+12,3,9,0,3,0,0,0,0,0,0,2,1,15,2,6,1390,1,4,-1,-1
2.00512E+12,1,9,0,9,0,3,0,0,0,0,1,1,2,1,8,1396,1,7,-1,-1
2.00512E+12,2,9,0,18,0,1,0,0,7,1,3,1,2,2,6,1242,1,4,-1,-1
2.00512E+12,1,9,0,5,9,1,0,0,0,0,0,1,15,2,6,2435,1,10,-1,-1
2.00512E+12,2,5,0,18,9,1,2,0,0,0,0,1,1,1,6,592,1,11,-1,-1
2.00512E+12,2,9,0,3,0,1,0,0,0,0,2,1,2,1,7,1793,1,4,-1,-1
2.00512E+12,1,9,0,18,0,1,0,0,0,0,1,1,1,2,8,1598,1,3,-1,-1
2.00512E+12,1,2,0,18,0,1,0,0,0,0,1,1,15,1,4,49,1,2,-1,-1
2.00512E+12,2,9,0,3,0,1,0,0,0,0,2,1,15,2,7,1796,1,9,8,3
2.00512E+12,1,9,0,18,0,1,0,0,0,0,1,1,15,2,7,1596,1,1,-1,-1
2.00512E+12,2,9,0,9,0,8,0,0,0,0,4,1,2,2,6,1124,1,3,-1,-1
2.00512E+12,1,9,0,18,0,0,0,12,7,0,1,1,15,1,8,1596,1,5,-1,-1
2.00512E+12,1,9,0,14,0,0,0,0,0,0,4,1,15,1,4,1242,1,1,-1,-1
2.00512E+12,1,9,0,18,0,2,0,0,0,0,4,1,2,2,8,1242,1,5,6,1
2.00512E+12,1,9,0,18,0,0,0,0,0,0,3,1,15,1,7,1388,1,5,-1,-1
2.00512E+12,1,2,0,5,4,2,0,0,0,0,0,1,15,1,4,49,1,-1,6,1
2.00512E+12,1,9,0,18,0,6,0,0,0,0,1,1,2,2,5,1272,1,17,-1,-1
2.00512E+12,3,9,0,3,0,6,0,0,0,0,2,1,2,1,7,1747,1,8,-1,-1
2.00512E+12,1,9,0,18,0,1,0,0,0,0,1,1,3,1,7,1229,1,-1,-1,-1
2.00512E+12,1,9,0,9,0,6,0,0,0,0,1,1,1,1,7,1985,1,5,10,1
2.00512E+12,1,9,0,14,0,0,2,1,1,9,1,1,15,1,10,1587,1,7,-1,-1
2.00512E+12,3,9,0,2,0,0,0,0,0,0,3,1,15,1,-1,1389,1,12,-1,-1
2.00512E+12,4,9,0,2,0,0,0,0,0,0,0,1,1,1,8,2319,1,2,-1,-1
2.00512E+12,2,9,0,2,0,1,0,0,0,0,3,1,1,1,9,1796,1,4,9,1
2.00512E+12,1,9,0,13,0,0,1,0,7,0,1,1,15,1,7,1796,1,7,-1,-1
2.00512E+12,3,9,0,18,0,0,0,0,0,0,0,1,15,1,9,1796,1,8,-1,-1
2.00512E+12,1,9,0,18,0,0,0,0,0,0,1,1,15,1,8,1598,1,-1,10,1
2.00512E+12,1,9,0,4,0,4,0,0,0,0,1,1,15,2,7,1598,1,2,10,2
2.00512E+12,2,9,0,4,8,7,0,0,0,0,1,1,15,1,4,973,1,7,8,3
2.00512E+12,1,9,0,18,0,0,1,0,2,2,4,1,15,1,5,1598,1,3,9,2
2.00512E+12,1,3,0,13,0,1,0,0,0,0,1,1,2,1,6,124,1,1,-1,-1
2.00512E+12,2,9,0,9,0,8,0,0,0,0,4,1,15,2,6,1149,1,1,3,1
2.00512E+12,2,9,0,18,0,0,1,0,7,4,4,1,2,2,7,1598,1,2,-1,-1
2.00512E+12,3,9,0,18,0,0,1,0,1,10,4,1,2,1,4,1400,1,6,-1,-1
2.00512E+12,1,9,0,4,0,1,0,0,0,0,1,1,15,2,9,1396,1,4,8,2
2.00512E+12,1,9,0,7,0,6,0,0,0,0,1,1,15,1,-1,1390,1,1,10,1
2.00512E+12,1,9,0,18,0,1,1,0,0,0,1,1,15,1,4,1299,1,6,-1,-1
2.00512E+12,2,9,0,3,0,1,0,0,0,0,2,1,15,2,7,2084,1,2,-1,-1
2.00512E+12,1,9,0,4,0,3,0,0,0,0,0,1,15,2,7,1598,1,4,-1,-1
2.00512E+12,1,9,0,9,0,5,0,0,1,0,1,1,15,1,5,998,1,2,8,1
2.00512E+12,2,9,0,18,0,1,0,0,0,0,1,1,1,2,7,1598,1,4,8,2
2.00512E+12,1,9,0,18,0,0,0,0,0,0,1,1,15,2,9,973,1,6,-1,-1
2.00512E+12,1,9,0,18,0,0,0,0,0,0,1,1,15,2,6,1988,1,8,-1,-1
2.00512E+12,4,9,0,18,0,0,0,0,0,0,2,1,15,1,6,1242,1,7,-1,-1
2.00512E+12,1,9,0,9,0,0,0,0,0,0,0,1,2,2,9,998,1,7,7,3
2.00512E+12,2,4,0,18,0,0,1,0,0,0,3,1,2,1,6,599,1,16,3,1
2.00512E+12,2,9,0,10,0,1,0,0,7,0,2,1,15,2,7,1396,1,8,2,1
2.00512E+12,2,9,0,18,0,0,0,0,0,0,2,1,2,1,7,1796,1,2,10,1
2.00512E+12,3,9,0,18,0,0,0,0,0,0,2,1,15,2,6,1229,1,-1,4,1
2.00512E+12,1,9,0,5,0,2,0,0,0,0,1,1,15,1,10,1242,1,2,2,1
2.00512E+12,1,9,0,9,0,8,0,0,0,0,3,1,2,1,6,1390,1,-1,7,3
2.00512E+12,2,9,0,3,0,1,0,0,0,0,4,1,15,1,8,1796,1,1,7,1
2.00512E+12,2,9,0,2,0,1,1,0,1,0,2,1,15,1,7,1597,1,7,-1,-1
2.00512E+12,1,9,0,18,0,0,1,0,0,0,1,1,1,2,7,1124,1,-1,-1,-1
2.00512E+12,2,9,0,18,0,0,0,0,0,0,2,1,1,1,7,1796,1,7,-1,-1
2.00512E+12,2,9,0,9,0,4,0,0,0,0,4,1,15,1,6,1796,1,10,1,1
2.00512E+12,1,9,0,18,0,0,1,0,0,0,1,1,15,1,6,1489,1,8,-1,-1
2.00512E+12,2,9,0,3,0,0,0,0,0,0,2,1,15,1,8,1388,1,3,-1,-1
2.00512E+12,3,9,0,3,0,0,0,0,0,0,2,1,15,2,8,1985,1,6,-1,-1
2.00512E+12,1,9,0,13,0,0,0,0,7,9,1,1,1,2,5,1360,1,1,9,1
2.00512E+12,3,5,0,18,0,0,0,0,1,0,3,1,1,1,8,498,1,15,-1,-1
2.00512E+12,1,9,0,18,0,0,1,0,5,6,3,1,15,1,4,1396,1,14,-1,-1
2.00512E+12,1,9,0,9,0,8,0,0,0,0,3,1,2,1,5,1589,1,9,3,1
2.00512E+12,1,9,0,4,0,0,0,0,0,0,1,1,15,1,7,1796,1,3,8,2
2.00512E+12,2,9,0,3,0,0,0,0,0,0,2,1,15,2,7,1396,1,4,5,1
2.00512E+12,1,9,0,18,0,8,2,0,0,0,3,1,15,2,6,1149,1,4,10,2
2.00512E+12,2,9,0,18,0,8,0,0,0,0,1,1,15,1,8,1339,1,-1,9,1
2.00512E+12,1,9,0,18,0,1,0,0,0,0,1,1,2,1,7,1984,1,8,-1,-1
2.00512E+12,3,9,0,3,0,1,0,0,0,0,2,1,15,1,7,1769,1,1,2,1
2.00512E+12,1,9,0,18,0,8,0,0,0,0,1,1,2,2,11,1242,1,3,10,3
2.00512E+12,2,9,0,4,0,0,0,0,0,0,2,1,2,2,7,1590,1,6,6,1
2.00512E+12,2,9,0,18,0,0,0,0,0,0,2,1,15,2,8,1796,1,2,-1,-1
2.00512E+12,1,9,0,9,0,6,0,0,0,0,1,1,15,2,6,1970,1,3,-1,-1
2.00512E+12,2,2,0,18,0,1,1,10,1,0,0,1,15,1,4,49,1,6,-1,-1
2.00512E+12,1,3,0,18,0,0,0,0,0,0,0,1,15,1,6,125,1,2,-1,-1
2.00512E+12,1,9,0,9,0,1,0,0,0,0,1,1,15,1,9,1834,1,3,10,1
2.00512E+12,2,9,0,18,0,1,0,0,0,0,1,1,15,2,9,1598,1,9,9,1