Acc_Index,Vehicle_Reference,Vehicle_Type,Towing_and_Articulation,Vehicle_Manoeuvre,Vehicle_Location-Restricted_Lane,Junction_Location,Skidding_and_Overturning,Hit_Object_in_Carriageway,Vehicle_Leaving_Carriageway,Hit_Object_off_Carriageway,1st_Point_of_Impact,Was_Vehicle_Left_Hand_Drive?,Journey_Purpose_of_Driver,Sex_of_Driver,Age_Band_of_Driver,Engine_Capacity_(CC),Propulsion_Code,Age_of_Vehicle,Driver_IMD_Decile,Driver_Home_Area_Type
2.00612E+12,1,9,0,2,0,0,0,0,0,0,3,1,1,1,9,1596,1,2,5,1
2.00612E+12,1,5,0,18,0,0,1,0,0,0,1,1,15,1,4,600,1,7,9,3
2.00612E+12,2,9,0,18,0,0,0,0,0,0,2,1,15,1,6,1794,1,3,-1,-1
2.00612E+12,1,9,0,1,9,0,0,0,0,0,2,1,1,1,10,1198,1,1,-1,-1
2.00612E+12,1,9,0,18,0,1,0,0,0,0,4,1,15,2,6,1587,1,4,2,1
2.00612E+12,1,9,0,9,0,3,0,0,0,0,1,1,2,1,6,1043,1,15,1,1
2.00612E+12,2,9,0,9,0,1,0,0,0,0,0,1,15,3,-1,2979,1,3,-1,-1
2.00612E+12,1,9,0,18,0,4,0,0,0,0,1,1,2,2,7,1299,1,8,8,1
2.00612E+12,2,5,0,4,0,4,0,0,0,0,2,1,2,1,7,659,1,-1,9,2
2.00612E+12,1,9,0,18,0,1,0,0,0,0,1,1,15,2,9,1299,1,7,9,3
2.00612E+12,1,3,0,18,0,6,0,0,0,0,1,1,15,1,5,124,1,1,8,3
2.00612E+12,2,9,0,6,0,6,0,0,0,0,3,1,1,1,7,3498,1,-1,8,3
2.00612E+12,1,9,0,9,0,6,0,0,0,0,3,1,1,2,4,1171,1,12,4,1
2.00612E+12,1,9,0,18,0,0,0,0,7,2,1,1,15,1,11,2435,1,6,-1,-1
2.00612E+12,3,9,0,2,0,0,0,0,0,0,4,1,15,1,-1,1796,1,9,-1,-1
2.00612E+12,2,9,0,10,0,1,0,0,0,0,3,1,15,2,9,1396,1,5,6,1
2.00612E+12,1,9,0,18,0,8,0,0,0,0,3,1,15,1,10,1998,1,1,8,3
2.00612E+12,2,9,0,7,0,1,0,0,0,0,1,1,15,2,8,1124,1,7,7,2
2.00612E+12,1,9,0,9,0,8,0,0,0,0,4,1,15,1,6,1489,1,9,7,1
2.00612E+12,2,3,0,17,0,1,0,0,0,0,1,1,1,1,6,125,1,1,2,1
2.00612E+12,2,9,0,13,0,0,2,0,1,9,0,1,15,1,6,1149,1,8,4,1
2.00612E+12,2,9,0,4,0,4,0,0,0,0,2,1,15,2,6,1390,1,3,9,1
2.00612E+12,2,9,0,4,0,0,0,0,0,0,2,1,15,1,9,1598,1,4,10,1
2.00612E+12,1,9,0,18,0,8,1,0,0,0,1,1,15,2,8,1360,1,4,7,3
2.00612E+12,2,9,0,3,0,8,0,0,0,0,2,1,2,2,8,1679,1,5,7,3
2.00612E+12,1,9,0,18,0,0,0,0,0,0,4,1,15,1,10,1298,1,4,7,3
2.00612E+12,1,8,0,5,0,6,0,0,0,0,1,1,1,1,8,1796,1,6,5,3
2.00612E+12,2,5,0,17,0,1,0,0,0,0,2,1,2,1,7,748,1,9,3,1
2.00612E+12,1,5,0,18,0,8,0,0,7,9,1,1,15,1,7,1127,1,15,7,2
2.00612E+12,2,9,0,18,0,6,0,0,0,0,2,1,15,2,5,1108,1,3,10,3
2.00612E+12,2,9,0,3,0,2,0,0,0,0,2,1,15,2,6,995,1,1,2,1
2.00612E+12,3,9,0,3,0,2,0,0,0,0,2,1,15,1,6,1796,1,15,5,1
2.00612E+12,2,9,0,18,0,0,0,0,0,0,2,1,15,2,10,1386,1,1,10,2
2.00612E+12,2,9,0,3,0,1,0,0,0,0,2,1,15,2,6,1598,1,7,10,2
2.00612E+12,4,9,0,4,0,1,0,0,1,0,1,1,2,1,6,1970,1,8,4,1
2.00612E+12,1,9,0,18,0,0,0,0,0,0,3,1,2,1,9,1199,1,3,8,1
2.00612E+12,1,9,0,18,0,1,0,0,0,0,1,1,15,1,4,1149,1,2,9,1
2.00612E+12,3,9,0,9,0,5,0,0,0,0,2,1,15,1,4,1391,1,10,8,2
2.00612E+12,2,5,0,3,0,1,0,0,0,0,2,1,15,1,8,1063,1,2,10,2
2.00612E+12,2,5,0,18,0,0,1,0,0,0,1,1,2,1,7,929,1,5,8,1
2.00612E+12,1,9,0,16,0,8,1,0,0,0,1,1,15,1,4,1124,1,5,4,1
2.00612E+12,1,2,0,9,0,8,1,0,0,0,3,1,15,1,4,49,1,8,9,1
2.00612E+12,1,9,0,9,0,8,0,0,0,0,1,1,15,1,6,1390,1,8,-1,-1
2.00612E+12,1,9,0,5,0,1,0,0,0,0,1,1,15,2,9,1998,1,8,10,1
2.00612E+12,1,4,0,18,0,8,0,0,1,0,1,1,15,1,5,399,1,13,8,1
2.00612E+12,2,9,0,5,0,1,0,0,0,0,1,1,15,1,4,1229,1,2,10,2
2.00612E+12,1,5,0,18,0,0,2,0,0,0,1,1,15,1,5,748,1,14,-1,-1
2.00612E+12,1,5,0,13,0,8,0,0,1,0,4,1,1,1,7,749,1,7,3,1
2.00612E+12,2,9,0,18,0,8,1,0,1,2,3,1,1,1,6,1598,1,9,9,2
2.00612E+12,1,9,0,18,0,1,0,0,0,0,1,1,15,2,7,1389,1,14,3,1
2.00612E+12,1,9,0,5,0,1,0,0,0,0,1,1,2,1,6,2600,1,16,7,1
2.00612E+12,2,9,0,18,0,2,0,0,0,0,1,1,15,1,8,1198,1,1,-1,-1
2.00612E+12,2,5,0,9,0,8,0,0,0,0,4,1,15,1,8,1085,1,10,5,1
2.00612E+12,1,9,0,9,0,1,0,0,0,0,1,1,2,1,6,1396,1,8,1,1
2.00612E+12,1,9,0,3,0,0,0,0,0,0,1,1,15,2,5,1299,1,5,-1,-1
2.00612E+12,1,9,0,3,0,0,0,0,0,0,4,1,2,2,6,1299,1,1,5,1
2.00612E+12,1,9,0,5,0,4,0,0,0,0,3,1,1,1,6,1343,1,1,5,1
2.00612E+12,1,9,0,4,9,6,0,0,0,0,4,1,1,1,8,2967,1,3,9,1
2.00612E+12,1,9,0,18,0,0,1,0,0,0,4,1,15,2,4,1389,1,12,5,1
2.00612E+12,3,9,0,4,0,0,0,0,0,0,1,1,1,1,7,1798,1,-1,-1,-1
2.00612E+12,1,9,0,18,0,0,0,0,0,0,1,1,15,1,6,1242,1,9,-1,-1
2.00612E+12,2,2,0,18,0,0,0,10,0,0,2,1,15,1,4,49,1,-1,8,1
2.00612E+12,1,9,0,18,0,1,0,0,0,0,1,1,2,1,6,1598,1,1,7,1
2.00612E+12,2,9,0,3,0,1,0,0,0,0,2,1,2,1,7,1390,1,5,1,1
2.00612E+12,1,9,0,18,0,3,0,0,0,0,2,1,15,1,6,1598,1,5,9,1
2.00612E+12,2,9,0,10,0,8,0,0,0,0,1,1,2,1,6,1997,1,13,6,1
2.00612E+12,1,9,0,18,0,4,1,0,0,0,1,1,15,2,9,1596,1,5,6,1
2.00612E+12,1,9,0,7,0,4,0,0,0,0,1,1,15,1,10,1149,1,5,8,1
2.00612E+12,1,9,0,18,0,0,0,0,0,0,4,1,2,1,9,1970,1,7,-1,-1
2.00612E+12,1,3,0,17,0,0,1,0,0,0,1,1,15,1,4,125,1,2,-1,-1
2.00612E+12,1,5,0,13,0,1,0,0,0,0,1,1,15,1,7,599,1,13,1,1
2.00612E+12,2,9,0,3,0,1,0,0,0,0,2,1,15,1,6,1124,1,8,5,3
2.00612E+12,1,9,0,18,0,0,0,0,0,0,2,1,15,1,4,1108,1,5,2,1
2.00612E+12,1,2,0,4,0,1,0,10,0,0,1,1,15,1,4,49,1,12,3,1
2.00612E+12,2,9,0,9,0,1,0,0,0,0,4,1,15,2,10,1332,1,7,3,1
2.00612E+12,2,9,0,3,0,1,0,0,0,0,2,1,15,2,4,1396,1,5,7,2
2.00612E+12,1,9,0,16,0,1,1,0,0,0,4,1,15,3,-1,1398,1,8,-1,-1
2.00612E+12,1,9,0,18,0,3,0,0,0,0,4,1,15,1,7,1598,1,6,8,3
2.00612E+12,2,3,0,7,0,5,0,0,0,0,4,1,1,2,6,124,1,5,10,3
2.00612E+12,2,3,0,17,0,1,0,0,0,0,4,1,2,1,9,85,1,10,-1,-1
2.00612E+12,1,9,0,4,0,1,0,0,0,0,2,1,15,2,6,1240,1,3,9,1
2.00612E+12,2,9,0,4,0,1,0,0,0,0,2,1,15,2,7,1595,1,2,10,3
2.00612E+12,3,9,0,18,0,1,1,0,0,0,1,1,15,1,4,1149,1,9,7,3
2.00612E+12,2,9,0,18,0,1,0,0,0,0,1,1,15,1,9,1598,1,9,8,2
2.00612E+12,3,9,0,9,0,1,0,0,0,0,0,1,15,2,7,1998,1,3,8,3
2.00612E+12,2,9,0,18,0,4,0,0,0,0,2,1,15,2,6,1598,1,4,10,2
2.00612E+12,1,9,0,8,0,1,0,0,0,0,1,1,15,2,9,1999,1,1,8,3
2.00612E+12,1,9,0,18,0,1,0,0,0,0,1,1,15,2,4,1396,1,2,10,1
2.00612E+12,2,9,0,10,0,1,0,0,0,0,2,1,15,1,7,2000,1,11,-1,-1
2.00612E+12,2,3,0,14,0,1,0,0,0,0,1,1,2,2,6,100,1,3,-1,-1
2.00612E+12,1,5,0,14,0,2,0,0,1,10,1,1,15,1,7,1000,1,1,9,2
2.00612E+12,2,9,0,9,0,2,0,0,0,0,3,1,15,2,9,1596,1,4,10,1
2.00612E+12,1,5,0,18,0,0,1,0,0,0,1,1,1,1,5,749,1,10,-1,-1
2.00612E+12,1,9,0,18,0,2,0,0,0,0,1,1,1,1,4,1360,1,3,8,1
2.00612E+12,1,9,0,18,0,7,0,0,1,9,1,1,15,1,4,1360,1,7,-1,-1
2.00612E+12,1,9,0,3,0,8,0,0,0,0,4,1,1,1,-1,1997,1,5,2,1
2.00612E+12,1,9,0,18,0,1,0,0,0,0,1,1,15,1,6,1794,1,12,-1,-1
2.00612E+12,2,9,0,3,0,2,0,0,0,0,2,1,15,1,6,1242,1,7,-1,-1
2.00612E+12,3,9,0,3,0,2,0,0,0,0,2,1,15,1,6,1400,1,7,-1,-1
2.00612E+12,1,2,0,18,0,0,0,0,0,0,0,1,1,1,4,49,1,2,-1,-1
2.00612E+12,2,3,0,18,0,1,1,0,0,0,1,1,1,1,5,125,1,2,2,1
2.00612E+12,1,9,0,17,0,1,1,0,1,9,1,1,15,1,9,1199,1,5,8,3
2.00612E+12,2,9,0,18,0,1,0,0,0,0,1,1,15,3,6,1991,1,11,3,1
2.00612E+12,2,9,0,8,0,1,0,0,0,0,2,1,15,2,5,1299,1,4,-1,-1
2.00612E+12,1,9,0,4,0,0,0,0,0,0,1,1,15,2,4,1108,1,10,-1,-1
2.00612E+12,2,9,0,3,0,0,0,0,0,0,2,1,15,1,4,1796,1,5,-1,-1
2.00612E+12,1,10,0,9,0,8,0,0,0,0,1,1,15,1,9,1994,1,15,3,1
2.00612E+12,2,5,0,9,0,8,0,0,0,0,3,1,15,1,5,599,1,7,2,1
2.00612E+12,2,9,0,18,0,8,0,0,0,0,4,1,2,2,5,1794,1,5,6,1
2.00612E+12,1,9,0,9,0,8,0,0,0,0,3,1,1,1,7,1799,1,10,9,1
2.00612E+12,1,9,0,3,0,1,0,0,0,0,2,1,15,2,9,1199,1,4,4,1
2.00612E+12,2,5,0,18,0,1,0,0,0,0,1,1,1,1,9,599,1,9,5,1
2.00612E+12,1,9,0,9,0,0,0,0,0,0,4,1,15,2,5,1587,1,5,2,1
2.00612E+12,2,5,0,18,0,0,2,0,0,0,1,1,15,1,6,1137,1,4,2,1
2.00612E+12,1,9,0,18,0,2,0,0,0,0,4,1,15,1,10,1796,1,1,2,1
2.00612E+12,2,9,0,18,0,1,0,0,0,0,4,1,15,1,7,2997,1,7,4,1
2.00612E+12,2,9,0,18,0,8,0,0,0,0,3,1,15,2,6,1339,1,4,9,1
2.00612E+12,1,9,0,18,0,8,1,0,0,0,2,1,15,1,5,1796,1,9,6,1
2.00612E+12,2,9,0,9,0,4,0,0,0,0,2,1,15,1,8,1796,1,4,10,1
2.00612E+12,2,9,0,17,0,1,1,10,0,0,3,1,2,1,4,1587,1,5,-1,-1
2.00612E+12,1,9,0,5,0,6,0,0,0,0,3,1,15,2,8,1587,1,4,9,1
2.00612E+12,1,9,0,4,0,2,0,0,0,0,3,1,15,1,10,1061,1,3,5,1
2.00612E+12,2,9,0,4,0,0,0,0,0,0,2,1,15,1,6,1595,1,9,6,1
2.00612E+12,4,9,0,4,0,0,0,0,0,0,2,1,15,1,7,1796,1,5,9,3
2.00612E+12,1,2,0,18,0,0,1,10,1,10,1,1,15,1,4,49,1,1,-1,-1
2.00612E+12,1,3,0,18,0,2,1,0,0,0,2,1,4,1,4,49,1,9,9,1
2.00612E+12,1,9,0,18,0,2,0,0,0,0,1,1,15,2,7,1796,1,6,9,2
2.00612E+12,2,9,0,18,0,0,0,0,0,0,2,1,15,1,10,1998,1,7,-1,-1
2.00612E+12,1,9,0,18,0,0,0,0,0,0,1,1,15,2,5,1149,1,2,-1,-1
2.00612E+12,2,9,0,18,0,0,0,0,0,0,2,1,15,2,6,1998,1,12,7,2
2.00612E+12,2,9,0,10,0,1,0,0,0,0,1,1,15,1,7,1589,1,6,-1,-1
2.00612E+12,2,9,0,18,0,1,0,0,0,0,1,1,15,1,6,1332,1,10,5,2
2.00612E+12,1,9,0,4,0,0,1,0,0,0,2,1,2,2,7,1587,1,3,10,1
2.00612E+12,2,9,0,18,0,0,1,0,0,0,1,1,2,1,4,1196,1,11,10,1
2.00612E+12,1,9,0,14,0,0,0,0,0,0,1,1,15,2,10,1199,1,7,8,1
2.00612E+12,2,9,0,18,0,8,0,0,1,0,1,1,15,2,11,973,1,7,10,2
2.00612E+12,1,9,0,18,0,0,2,0,1,9,1,1,2,1,4,1124,1,6,8,1
2.00612E+12,1,9,0,18,1,7,2,0,2,1,1,1,15,2,5,1794,1,6,7,3
2.00612E+12,1,9,0,18,0,4,0,0,0,0,1,1,15,3,-1,1043,1,15,-1,-1
2.00612E+12,2,9,0,3,0,4,0,0,0,0,2,1,15,2,7,1587,1,3,7,1
2.00612E+12,1,9,0,16,0,0,0,0,0,0,1,1,15,1,8,1596,1,1,-1,-1
2.00612E+12,1,9,0,4,0,8,0,0,7,0,2,1,15,1,6,1199,1,6,-1,-1
2.00612E+12,2,9,0,18,0,8,1,0,1,0,1,1,15,2,4,1242,1,4,9,2
2.00612E+12,1,9,0,18,0,0,1,0,0,0,1,1,1,2,7,1149,1,6,3,2
2.00612E+12,1,9,0,9,0,1,0,0,0,0,3,1,15,2,11,1994,1,1,5,3
2.00612E+12,2,9,0,18,0,1,1,0,0,0,1,1,15,2,5,1390,1,9,6,3
2.00612E+12,2,9,0,18,0,1,0,0,0,0,2,1,15,1,8,1597,1,12,-1,-1
2.00612E+12,1,9,0,3,0,2,0,0,0,0,2,1,15,2,5,1984,1,12,8,1
2.00612E+12,3,9,0,18,0,2,0,4,0,0,1,1,15,1,6,1994,1,12,-1,-1
2.00612E+12,1,9,0,2,0,0,0,0,0,0,3,1,15,2,6,1587,1,2,4,1
2.00612E+12,1,2,0,14,0,0,0,0,0,0,2,1,15,1,5,49,1,1,-1,-1
2.00612E+12,2,9,0,3,0,0,0,0,0,0,0,1,15,1,6,1360,1,1,-1,-1
2.00612E+12,1,9,0,16,0,0,0,0,0,0,1,1,15,2,9,973,1,3,7,1
2.00612E+12,2,9,0,18,0,0,1,0,1,1,1,1,15,2,8,1988,1,7,8,3
2.00612E+12,1,9,0,18,0,1,0,0,1,1,1,1,15,1,5,1396,1,1,-1,-1
2.00612E+12,2,9,0,3,0,1,0,0,0,0,2,1,15,1,5,1794,1,1,-1,-1
2.00612E+12,1,9,0,7,0,6,0,0,0,0,4,1,15,2,5,1341,1,8,6,1
2.00612E+12,2,9,0,4,0,2,0,0,0,0,2,1,2,2,6,1596,1,-1,7,3
2.00612E+12,1,9,0,4,0,0,0,0,0,0,1,1,15,1,7,1796,1,2,9,1
2.00612E+12,2,2,0,18,0,0,0,0,0,0,1,1,15,2,9,49,1,5,8,1
2.00612E+12,2,9,0,18,0,8,0,0,0,0,4,1,1,1,6,1587,1,8,6,1
2.00612E+12,1,9,0,18,0,1,0,0,0,0,1,1,15,1,11,988,1,16,-1,-1
2.00612E+12,2,9,0,4,0,1,0,0,0,0,2,1,15,1,4,1196,1,14,3,1
2.00612E+12,1,9,0,9,0,8,0,0,0,0,3,1,15,1,11,1388,1,2,7,1
2.00612E+12,2,2,0,18,0,8,0,0,0,0,1,1,15,2,8,49,1,5,2,1
2.00612E+12,2,9,0,3,0,0,0,0,0,0,2,1,15,2,4,1388,1,6,5,1
2.00612E+12,1,9,0,9,0,8,0,0,1,0,3,1,15,2,10,1240,1,2,9,1
2.00612E+12,1,9,0,4,0,0,0,0,0,0,2,1,15,2,7,1199,1,3,-1,-1
2.00612E+12,2,9,0,4,0,0,0,0,0,0,1,1,15,1,10,1299,1,3,7,2
2.00612E+12,1,8,0,9,0,8,0,0,0,0,1,1,1,1,9,1998,1,8,4,1
2.00612E+12,2,9,0,18,0,8,0,0,0,0,3,1,15,2,7,1275,1,7,9,1
2.00612E+12,1,3,0,18,0,1,1,0,0,0,0,1,2,1,6,49,1,6,7,2
2.00612E+12,1,9,0,9,0,8,0,0,0,0,1,1,15,1,11,1796,1,12,-1,-1
2.00612E+12,3,9,0,18,0,8,0,0,0,0,3,1,15,2,7,1242,1,6,10,1
2.00612E+12,1,9,0,3,0,1,0,0,0,0,2,1,2,2,7,1781,1,5,10,1
2.00612E+12,2,9,0,18,0,1,0,0,0,0,1,1,15,2,7,1596,1,4,-1,-1
2.00612E+12,1,9,0,18,0,0,0,0,1,9,1,1,15,1,4,1229,1,-1,8,2
2.00612E+12,2,9,0,4,0,1,0,0,0,0,1,1,15,2,5,1796,1,13,6,1
2.00612E+12,1,9,0,8,0,4,0,0,0,0,0,1,2,2,8,1598,1,3,9,3
2.00612E+12,2,9,0,18,0,4,0,0,0,0,0,1,15,2,6,5935,1,-1,-1,-1
2.00612E+12,1,9,0,16,0,4,1,0,1,9,4,1,15,1,4,1199,1,3,4,1
2.00612E+12,1,9,0,1,0,0,0,0,0,0,2,1,15,1,7,1598,1,5,9,1
2.00612E+12,2,9,0,18,0,0,0,0,0,0,1,1,15,1,4,1124,1,9,9,1
2.00612E+12,1,5,0,18,0,1,0,0,0,0,0,1,15,1,5,600,1,6,-1,-1
2.00612E+12,2,9,0,2,0,1,0,0,0,0,0,1,15,1,6,1597,1,8,-1,-1
2.00612E+12,1,9,0,16,0,8,0,0,0,0,3,1,15,2,11,998,1,4,10,2
2.00612E+12,2,9,0,17,0,8,0,0,0,0,3,1,15,2,7,1973,1,5,9,3
2.00612E+12,1,9,0,18,5,2,0,0,3,10,2,1,15,3,4,1389,1,13,-1,-1
2.00612E+12,1,9,0,18,0,8,0,0,0,0,4,1,15,1,4,1360,1,10,2,1
2.00612E+12,1,9,0,3,0,1,1,0,0,0,1,1,2,1,4,1198,1,4,8,3
2.00612E+12,2,9,0,10,0,5,0,0,0,0,2,1,2,2,7,1390,1,5,8,1
2.00612E+12,1,9,0,2,0,0,0,0,0,0,3,1,15,1,10,1389,1,5,10,1
2.00612E+12,2,9,0,18,0,0,0,0,0,0,2,1,15,1,6,1196,1,9,3,1
2.00612E+12,1,9,0,3,0,2,0,0,0,0,0,1,2,2,4,1196,1,11,9,1
2.00612E+12,2,9,0,3,0,2,0,0,0,0,2,1,15,2,6,1199,1,4,-1,-1
2.00612E+12,1,9,0,7,0,6,0,0,0,0,0,1,2,2,7,1796,1,3,3,1
2.00612E+12,1,9,0,18,0,8,0,0,0,0,3,1,15,1,6,954,1,11,2,1
2.00612E+12,2,9,0,18,0,0,0,0,0,0,2,1,15,1,5,1196,1,12,10,2
2.00612E+12,2,9,0,7,0,2,0,0,0,0,1,1,1,2,7,1796,1,11,10,1
2.00612E+12,1,9,0,9,0,8,0,0,0,0,1,1,2,2,6,1598,1,8,8,2
2.00612E+12,2,9,0,14,0,1,1,0,0,0,1,1,15,1,7,1390,1,13,8,2
2.00612E+12,1,9,0,17,0,8,0,0,0,0,1,1,15,1,9,1998,1,8,8,1
2.00612E+12,1,9,0,17,0,0,1,0,1,10,1,1,15,2,6,1124,1,10,7,3
2.00612E+12,2,9,0,17,0,0,1,0,1,10,2,1,15,1,5,1199,1,5,-1,-1
2.00612E+12,3,9,0,17,9,0,1,0,1,10,1,1,15,1,10,1124,1,13,8,3
2.00612E+12,2,9,0,7,0,1,0,0,0,0,4,1,1,2,7,1598,1,2,6,3
2.00612E+12,1,9,0,4,0,0,0,0,0,0,2,1,15,2,6,2771,1,7,10,1
2.00612E+12,1,5,0,17,0,0,5,10,2,10,4,1,15,1,7,1002,1,10,6,1
2.00612E+12,1,9,0,18,0,1,0,0,0,0,3,1,15,1,10,1998,1,2,9,3
2.00612E+12,1,9,0,9,0,1,0,0,0,0,1,1,15,2,11,1360,1,4,-1,1
2.00612E+12,1,9,0,4,0,0,0,0,0,0,2,1,15,1,9,1598,1,7,9,3
2.00612E+12,2,9,0,4,0,0,0,0,0,0,1,1,15,2,8,2435,1,5,9,2
2.00612E+12,1,3,0,18,0,1,1,0,0,0,3,1,2,2,6,84,1,4,4,1
2.00612E+12,1,9,0,9,1,1,0,0,0,0,1,1,1,1,9,2156,1,10,3,1
2.00612E+12,1,9,0,18,0,0,0,12,0,0,1,1,2,1,7,1800,1,2,10,3
2.00612E+12,2,9,0,18,0,0,0,0,0,0,1,1,2,1,5,1299,1,5,7,1
2.00612E+12,1,9,0,18,0,0,0,0,0,0,0,1,15,1,4,1332,1,7,-1,-1
2.00612E+12,2,9,0,18,0,0,1,0,1,0,1,1,15,1,5,1587,1,3,-1,-1
2.00612E+12,3,9,0,18,0,0,0,0,1,0,1,1,15,1,4,1299,1,10,-1,-1
2.00612E+12,1,9,0,18,0,1,0,0,0,0,1,1,15,1,6,1998,1,8,8,1
2.00612E+12,1,9,0,18,0,0,0,0,0,0,1,1,15,1,6,954,1,12,6,1
2.00612E+12,1,8,0,18,0,0,0,0,0,0,1,1,1,1,9,1840,1,7,10,2
2.00612E+12,1,2,0,18,0,1,0,0,0,0,1,1,15,1,7,49,1,3,4,1
2.00612E+12,1,2,0,4,0,0,0,0,0,0,0,1,15,1,8,49,1,-1,-1,-1
2.00612E+12,1,9,0,18,0,2,1,0,0,0,1,1,15,1,5,1360,1,9,5,1
2.00612E+12,1,2,0,18,0,0,0,0,0,0,0,1,15,1,4,49,1,7,-1,-1
2.00612E+12,1,9,0,14,0,1,0,0,0,0,1,1,15,1,4,1124,1,8,9,1
2.00612E+12,1,9,0,16,0,0,0,0,0,0,1,1,15,1,7,1783,1,9,7,1
2.00612E+12,2,9,0,17,0,0,0,0,0,0,1,1,15,2,6,1781,1,8,9,1
2.00612E+12,1,9,0,18,0,0,0,0,0,0,1,1,2,2,6,1796,1,2,10,1
2.00612E+12,2,9,0,18,0,0,0,0,0,0,2,1,15,2,7,1389,1,8,4,1
2.00612E+12,2,9,0,18,0,1,0,0,0,0,3,1,15,2,4,1598,1,5,-1,-1
2.00612E+12,2,9,0,18,0,8,0,0,1,10,4,1,15,1,6,1596,1,2,10,1
2.00612E+12,1,9,0,4,7,0,0,0,0,0,1,1,15,2,10,1299,1,6,-1,-1
2.00612E+12,2,5,0,18,0,1,0,0,0,0,4,1,15,1,9,649,1,6,-1,-1
2.00712E+12,1,9,0,4,0,1,0,0,0,0,3,1,1,1,8,1998,1,10,4,1
2.00712E+12,1,9,0,5,0,1,0,0,0,0,1,1,15,2,8,1598,1,7,-1,-1
2.00712E+12,1,9,0,8,0,1,0,0,0,0,4,1,15,1,10,1998,1,12,6,2
2.00712E+12,2,9,0,18,0,1,0,0,0,0,1,1,15,1,6,1341,1,3,8,1
2.00712E+12,2,9,0,3,0,0,0,0,0,0,2,1,15,1,8,1998,1,3,4,1
2.00712E+12,3,9,0,3,0,0,0,0,0,0,2,1,15,2,8,1587,1,2,9,1
2.00712E+12,1,9,0,9,0,1,0,0,0,0,1,1,2,2,6,1396,1,9,9,3
2.00712E+12,2,3,0,17,0,1,0,0,0,0,4,1,15,1,8,85,1,18,8,2
2.00712E+12,1,9,0,13,0,1,0,0,0,0,1,1,15,2,4,1796,1,7,7,3
2.00712E+12,2,9,0,16,0,2,0,0,0,0,1,1,15,1,7,1360,1,1,10,1
2.00712E+12,1,9,0,8,0,1,0,0,0,0,2,1,15,2,8,1392,1,10,10,1
2.00712E+12,2,9,0,10,0,1,0,0,0,0,2,1,15,1,6,1396,1,8,8,1
2.00712E+12,3,9,0,18,0,1,0,0,0,0,1,1,15,1,6,1299,1,10,6,1
2.00712E+12,1,9,0,10,0,1,0,0,0,0,3,1,2,2,9,1586,1,-1,10,1
2.00712E+12,1,9,0,15,0,0,0,0,0,0,4,1,15,1,8,1998,1,9,3,1
2.00712E+12,1,9,0,5,0,1,0,0,0,0,1,1,15,1,8,1587,1,2,-1,-1
2.00712E+12,1,9,0,7,0,1,0,0,0,0,0,1,15,2,6,1493,1,14,8,1
2.00712E+12,2,9,0,18,0,1,0,4,0,0,4,1,15,1,6,1597,1,11,2,1
2.00712E+12,2,9,0,7,0,5,0,0,0,0,0,1,15,1,4,1798,1,2,10,1
2.00712E+12,1,9,0,18,0,8,0,0,0,0,4,1,15,1,7,1796,1,6,9,2
2.00712E+12,2,9,0,18,0,4,0,0,0,0,1,1,15,1,5,1597,1,11,7,1
2.00712E+12,1,9,0,18,0,0,0,0,0,0,4,1,2,2,8,1396,1,8,10,1
2.00712E+12,1,9,0,18,0,0,1,0,0,0,1,1,15,1,7,1984,1,9,3,1
2.00712E+12,1,9,0,2,0,0,0,0,0,0,3,1,1,2,7,1595,1,2,10,3
2.00712E+12,1,9,0,18,0,1,0,0,0,0,2,1,15,2,7,1598,1,2,9,2
2.00712E+12,2,9,0,13,0,0,0,0,0,0,1,1,1,2,6,1124,1,5,8,3
2.00712E+12,1,9,0,3,0,1,0,0,0,0,2,1,15,2,9,1598,1,6,6,1
2.00712E+12,1,9,0,18,0,4,0,0,0,0,1,1,2,1,7,1396,1,6,9,1
2.00712E+12,2,9,0,17,0,3,0,0,0,0,4,1,15,2,6,1400,1,7,9,1
2.00712E+12,1,9,0,17,0,8,0,0,0,0,2,1,15,2,4,1341,1,10,9,1
2.00712E+12,2,9,0,9,0,1,0,0,0,0,1,1,1,1,7,1390,1,10,2,1
2.00712E+12,1,9,0,10,0,1,0,0,0,0,1,1,15,1,8,1988,1,4,8,3
2.00712E+12,2,9,0,18,0,1,1,4,0,0,2,1,15,2,7,1389,1,8,5,3
2.00712E+12,1,9,0,18,0,1,0,0,0,0,4,1,15,2,5,1587,1,4,-1,-1