Acc_Index,Vehicle_Reference,Vehicle_Type,Towing_and_Articulation,Vehicle_Manoeuvre,Vehicle_Location-Restricted_Lane,Junction_Location,Skidding_and_Overturning,Hit_Object_in_Carriageway,Vehicle_Leaving_Carriageway,Hit_Object_off_Carriageway,1st_Point_of_Impact,Was_Vehicle_Left_Hand_Drive?,Journey_Purpose_of_Driver,Sex_of_Driver,Age_Band_of_Driver,Engine_Capacity_(CC),Propulsion_Code,Age_of_Vehicle,Driver_IMD_Decile,Driver_Home_Area_Type
2.00712E+12,2,9,0,9,0,6,0,0,0,0,1,1,1,1,6,1597,1,9,10,1
2.00712E+12,2,9,0,8,0,1,0,0,0,0,2,1,15,2,6,1108,1,11,3,1
2.00712E+12,1,9,0,18,0,4,0,0,0,0,3,1,15,1,11,1590,1,6,10,2
2.00712E+12,1,2,0,4,0,0,1,0,0,0,4,1,2,2,8,49,1,3,7,1
2.00712E+12,2,9,0,3,0,0,0,0,0,0,2,1,15,1,6,1596,1,6,9,1
2.00712E+12,3,9,0,3,0,0,0,0,0,0,0,1,15,2,4,998,1,-1,7,3
2.00712E+12,1,9,0,17,0,1,1,0,0,0,4,1,15,2,6,1796,1,1,10,2
2.00712E+12,2,9,0,2,0,1,0,0,0,0,2,1,15,1,5,1587,1,7,8,2
2.00712E+12,1,9,0,18,0,1,0,0,0,0,3,1,15,2,7,1796,1,-1,7,3
2.00712E+12,2,9,0,18,0,1,0,0,0,0,1,1,15,2,8,1970,1,2,8,3
2.00712E+12,2,9,0,10,0,4,0,0,0,0,2,1,15,1,8,2498,1,12,10,1
2.00712E+12,1,8,0,18,0,0,0,0,0,0,1,1,1,1,6,1796,1,8,3,1
2.00712E+12,1,9,0,18,0,1,1,0,0,0,3,1,15,1,8,1850,1,8,3,1
2.00712E+12,1,9,0,18,0,8,0,0,0,0,1,1,15,1,6,1796,1,9,4,1
2.00712E+12,2,9,0,18,0,4,0,0,0,0,1,1,1,3,-1,1149,1,9,-1,-1
2.00712E+12,2,9,0,18,0,1,0,0,0,0,2,1,15,2,7,1598,1,4,10,1
2.00712E+12,3,9,0,18,0,1,1,0,0,0,1,1,15,1,6,1799,1,13,7,1
2.00712E+12,1,9,0,18,0,4,0,0,0,0,1,1,1,2,8,1598,1,1,9,1
2.00712E+12,1,9,0,3,0,1,0,0,1,0,3,1,2,1,5,1795,1,7,7,1
2.00712E+12,1,9,0,5,0,4,0,0,0,0,1,1,1,2,8,1229,1,1,-1,-1
2.00712E+12,2,9,0,2,0,2,0,0,0,0,2,1,1,1,6,1598,1,14,2,1
2.00712E+12,1,9,0,18,0,0,1,0,0,0,1,1,2,1,8,1598,1,9,7,1
2.00712E+12,1,9,0,9,0,6,0,0,0,0,3,1,15,1,6,1895,1,7,9,3
2.00712E+12,2,9,0,18,0,8,0,0,0,0,1,1,15,1,6,1390,1,4,9,1
2.00712E+12,1,9,0,18,2,8,0,0,7,0,4,1,15,1,8,1998,1,5,9,3
2.00712E+12,2,9,0,5,0,2,0,0,0,0,3,1,15,1,6,1984,1,4,6,1
2.00712E+12,2,9,0,5,0,1,0,0,0,0,1,1,1,1,8,993,1,6,9,1
2.00712E+12,1,9,0,18,0,0,0,0,0,0,1,1,15,1,7,1124,1,3,9,3
2.00712E+12,1,9,0,18,0,0,0,0,0,0,4,1,15,1,8,1598,1,10,9,1
2.00712E+12,2,9,0,4,0,1,0,0,0,0,1,1,15,1,6,1389,1,14,-1,-1
2.00712E+12,1,9,0,18,0,1,0,0,0,0,1,1,15,2,7,1986,1,15,3,1
2.00712E+12,1,9,0,18,0,6,1,0,0,0,1,1,15,1,4,988,1,15,4,1
2.00712E+12,2,9,0,5,0,8,0,0,0,0,1,1,15,1,5,1397,1,7,6,1
2.00712E+12,2,9,0,17,0,0,0,0,0,0,0,1,15,1,4,1240,1,-1,3,1
2.00712E+12,1,9,0,3,0,0,0,0,0,0,2,1,15,2,4,1199,1,3,8,3
2.00712E+12,3,9,0,3,0,0,0,0,0,0,2,1,15,1,7,1360,1,1,10,1
2.00712E+12,1,9,0,18,0,0,1,0,1,4,4,1,15,1,6,1598,1,11,2,1
2.00712E+12,1,9,0,3,0,1,0,0,0,0,2,1,1,2,5,1299,1,1,10,2
2.00712E+12,2,9,0,18,0,1,0,0,0,0,1,1,1,1,7,1388,1,7,-1,-1
2.00712E+12,2,9,0,18,0,1,1,0,0,0,1,1,2,1,5,1596,1,8,9,2
2.00712E+12,1,9,0,18,0,3,0,0,0,0,1,1,15,1,7,1988,1,4,4,1
2.00712E+12,3,9,0,3,0,4,0,0,0,0,2,1,15,2,9,1796,1,5,7,2
2.00712E+12,1,4,0,18,0,0,0,0,0,0,1,1,15,1,4,553,1,10,-1,-1
2.00712E+12,2,9,0,2,0,0,0,0,0,0,0,1,15,1,5,1796,1,10,3,1
2.00712E+12,1,9,0,13,0,1,1,0,7,2,1,1,15,1,4,1360,1,12,8,1
2.00712E+12,2,9,0,9,0,6,1,0,0,0,1,1,15,2,5,1785,1,7,10,2
2.00712E+12,2,9,0,18,0,8,0,0,0,0,1,1,15,1,11,1796,1,2,7,3
2.00712E+12,1,9,0,16,0,0,0,0,1,2,1,1,1,1,4,1596,1,5,2,1
2.00712E+12,2,9,0,3,0,1,0,0,0,0,0,1,15,2,9,1895,1,6,10,2
2.00712E+12,1,9,0,3,0,0,0,0,0,0,0,1,2,2,9,1240,1,4,10,1
2.00712E+12,2,9,0,3,0,0,0,0,0,0,1,1,15,2,4,1108,1,11,7,1
2.00712E+12,1,9,0,17,0,0,2,0,0,2,3,1,15,2,5,1398,1,2,2,1
2.00712E+12,2,9,0,4,0,0,0,0,0,0,1,1,15,2,9,1796,1,8,10,2
2.00712E+12,2,9,0,18,0,4,0,0,0,0,3,1,15,1,9,3000,1,13,9,1
2.00712E+12,2,9,0,18,0,8,0,0,0,0,1,1,15,1,8,1998,1,8,9,3
2.00712E+12,1,9,0,18,0,7,1,0,0,0,1,1,2,2,4,1493,1,14,5,3
2.00712E+12,3,9,0,3,0,1,0,0,0,0,2,1,15,1,6,1587,1,5,10,2
2.00712E+12,1,9,0,18,0,2,0,0,0,0,1,1,15,1,7,1392,1,13,5,1
2.00712E+12,1,9,0,4,0,1,0,0,0,0,0,1,15,2,6,1998,1,2,7,1
2.00712E+12,1,9,0,18,0,1,0,4,0,0,1,1,15,2,7,1796,1,11,10,2
2.00712E+12,2,9,0,2,0,1,0,0,0,0,2,1,15,2,6,2497,1,13,6,1
2.00712E+12,1,9,0,9,0,8,0,0,0,0,3,1,3,2,7,1598,1,3,8,1
2.00712E+12,2,9,0,3,0,0,0,0,0,0,2,1,15,2,5,1389,1,5,10,2
2.00712E+12,3,9,0,3,0,0,0,0,0,0,2,1,15,2,6,1597,1,7,8,1
2.00712E+12,1,9,0,10,0,1,0,0,0,0,4,1,1,1,9,1495,1,-1,10,1
2.00712E+12,1,9,0,9,0,4,0,0,0,0,1,1,15,1,7,1597,1,13,10,1
2.00712E+12,1,9,0,7,0,8,0,0,0,0,4,1,15,2,8,1389,1,1,6,1
2.00712E+12,1,9,0,18,0,2,0,0,0,0,1,1,3,2,9,1597,1,12,-1,-1
2.00712E+12,1,9,0,9,0,6,0,0,0,0,1,1,15,1,7,1124,1,9,9,3
2.00712E+12,2,5,0,18,0,8,1,0,0,0,4,1,15,1,8,865,1,1,10,1
2.00712E+12,1,9,0,3,0,1,0,0,0,0,2,1,1,2,7,998,1,3,1,1
2.00712E+12,1,9,0,17,0,1,0,0,0,0,1,1,15,2,6,1598,1,6,6,1
2.00712E+12,1,9,0,9,0,6,0,0,0,0,1,1,1,1,7,1298,1,4,10,1
2.00712E+12,2,5,0,14,0,1,2,0,0,0,1,1,1,1,5,600,1,8,6,1
2.00712E+12,2,9,0,10,0,1,0,0,0,0,2,1,15,1,6,1679,1,5,9,2
2.00712E+12,1,9,0,9,0,2,0,0,0,0,1,1,15,1,6,1171,1,12,-1,-1
2.00712E+12,2,9,0,18,0,1,0,0,7,10,1,1,15,2,8,1242,1,3,10,1
2.00712E+12,1,9,0,5,0,1,0,0,0,0,3,1,15,1,11,1397,1,6,8,2
2.00712E+12,2,3,0,18,0,1,0,0,0,1,4,1,1,1,8,124,1,3,9,1
2.00712E+12,1,9,0,18,0,8,0,0,0,0,1,1,15,1,9,1341,1,2,9,1
2.00712E+12,2,9,0,9,0,8,0,0,0,0,3,1,15,2,7,1598,1,4,9,1
2.00712E+12,1,9,0,7,0,6,0,0,0,0,3,1,2,1,8,2300,1,10,9,1
2.00712E+12,2,9,0,16,0,1,0,0,0,0,2,1,2,1,4,1984,1,14,7,1
2.00712E+12,2,9,0,9,0,8,0,0,0,0,3,1,1,1,8,998,1,3,9,1
2.00712E+12,2,9,0,13,0,1,0,0,0,0,4,1,15,1,4,973,1,4,7,1
2.00712E+12,1,8,0,18,0,2,0,0,0,0,3,1,1,1,10,1998,1,9,6,1
2.00712E+12,1,9,0,18,0,1,0,0,0,0,1,1,15,1,11,1388,1,16,2,1
2.00712E+12,1,9,0,18,0,6,0,0,1,0,1,1,15,2,8,1149,1,5,7,3
2.00712E+12,3,9,0,10,0,2,0,0,0,0,1,1,2,2,5,1242,1,9,6,1
2.00712E+12,4,9,0,10,0,2,0,0,0,0,1,1,2,1,6,1596,1,5,-1,-1
2.00712E+12,1,3,0,18,0,0,1,0,7,0,0,1,15,1,8,125,1,3,9,3
2.00712E+12,1,9,0,18,0,0,0,0,0,0,1,1,15,1,10,1590,1,4,9,1
2.00712E+12,2,9,0,10,0,2,0,0,0,0,3,1,15,1,7,1839,1,3,7,1
2.00712E+12,1,9,0,18,0,0,0,0,7,9,3,1,15,1,8,1796,1,2,10,1
2.00712E+12,1,2,0,4,0,1,0,0,0,0,1,1,15,1,4,49,1,1,10,1
2.00712E+12,2,9,0,14,0,1,0,0,0,0,3,1,15,2,6,1598,1,13,-1,-1
2.00712E+12,1,9,0,18,0,1,0,0,0,0,1,1,15,1,4,1299,1,12,3,2
2.00712E+12,2,9,0,4,0,1,0,0,0,0,2,1,15,1,5,2498,1,8,3,1
2.00712E+12,1,9,0,9,0,6,0,0,0,0,1,1,2,1,6,1489,1,9,7,1
2.00712E+12,1,9,0,5,0,6,0,0,0,0,1,1,2,1,5,1587,1,13,7,1
2.00712E+12,2,5,0,18,0,1,0,0,0,0,4,1,2,1,5,599,1,10,7,1
2.00712E+12,2,9,0,18,0,3,1,0,0,0,4,1,15,1,11,1598,1,8,8,3
2.00712E+12,1,9,0,18,0,0,0,0,0,0,1,1,1,2,4,1124,1,10,9,2
2.00712E+12,2,9,0,18,0,0,0,0,0,0,2,1,15,2,9,1599,1,2,9,2
2.00712E+12,1,3,0,18,0,0,0,0,0,0,1,1,15,1,7,102,1,3,6,1
2.00712E+12,2,5,0,4,0,0,1,0,0,0,2,1,15,1,6,899,1,6,1,1
2.00712E+12,1,9,0,16,0,3,0,0,0,10,1,1,15,1,6,1598,1,8,9,1
2.00712E+12,1,9,0,6,0,0,0,0,0,0,1,1,15,1,9,1796,1,8,10,1
2.00712E+12,2,5,0,14,0,0,1,0,7,10,1,1,15,1,7,954,1,4,5,1
2.00712E+12,2,9,0,18,0,1,0,0,0,0,1,1,15,1,4,1390,1,6,10,3
2.00712E+12,1,3,0,18,0,8,0,0,0,0,1,1,15,1,4,125,1,2,10,1
2.00712E+12,2,9,0,18,0,8,0,0,1,0,1,1,15,1,8,1995,1,22,4,1
2.00712E+12,1,2,0,18,0,0,0,0,0,0,0,1,15,1,5,49,1,4,9,1
2.00712E+12,1,9,0,4,0,4,0,0,0,0,1,1,15,2,9,1360,1,1,7,1
2.00712E+12,2,5,0,5,0,1,0,0,0,0,2,1,15,1,9,1450,1,3,10,2
2.00712E+12,1,9,0,9,0,6,0,0,0,0,1,1,1,1,9,2435,1,9,9,1
2.00712E+12,1,9,0,18,0,4,0,0,0,0,1,1,1,2,7,1598,1,5,9,3
2.00712E+12,2,9,0,18,0,0,0,0,0,0,4,1,15,2,9,1590,1,6,9,1
2.00712E+12,1,9,0,5,0,6,0,0,0,0,1,1,15,2,8,1298,1,4,10,1
2.00712E+12,1,9,0,3,0,1,0,0,0,0,0,1,15,2,4,1299,1,3,9,1
2.00712E+12,2,9,0,4,0,1,0,0,0,0,1,1,15,1,7,973,1,5,5,1
2.00712E+12,1,9,0,18,0,1,0,0,7,0,1,1,15,1,4,1360,1,7,10,1
2.00712E+12,1,9,0,18,0,3,0,0,0,0,2,1,15,2,7,1998,1,6,3,1
2.00712E+12,2,9,0,18,0,3,0,0,0,0,1,1,15,1,5,1731,1,10,-1,-1
2.00712E+12,1,9,0,18,0,0,1,0,7,9,1,1,15,1,6,1598,1,14,3,1
2.00712E+12,2,9,0,17,0,8,0,0,0,0,1,1,15,2,5,1360,1,6,8,2
2.00712E+12,1,9,0,16,0,1,1,0,0,0,1,1,15,2,4,1043,1,11,8,1
2.00712E+12,1,9,0,18,0,8,0,0,0,0,4,1,15,2,8,1389,1,10,7,1
2.00712E+12,2,9,0,5,0,6,0,0,0,0,1,1,15,1,7,1769,1,4,7,1
2.00712E+12,1,2,0,3,0,0,0,0,0,0,1,1,15,2,5,124,1,1,9,1
2.00712E+12,2,5,0,17,0,1,0,0,0,0,1,1,15,1,5,749,1,7,10,1
2.00712E+12,1,9,0,9,0,8,0,0,0,0,3,1,1,2,10,1389,1,4,-1,-1
2.00712E+12,1,5,0,13,0,8,0,0,0,0,1,1,2,1,7,599,1,6,9,1
2.00712E+12,2,9,0,9,0,6,0,0,0,0,3,1,2,1,6,1390,1,6,6,3
2.00712E+12,1,3,0,18,0,0,0,10,8,0,3,1,15,1,4,125,1,7,8,1
2.00712E+12,1,9,0,6,8,1,0,0,0,0,1,1,15,2,6,1396,1,8,4,1
2.00712E+12,2,5,0,18,0,1,0,0,0,0,1,1,15,1,9,1261,1,-1,8,1
2.00712E+12,1,9,0,6,0,0,0,0,0,0,3,1,2,1,7,2990,1,14,10,1
2.00712E+12,2,8,0,5,0,6,0,0,0,0,3,1,1,1,6,1124,1,7,9,3
2.00712E+12,1,3,0,16,0,0,0,0,1,0,0,1,2,1,4,124,1,2,10,3
2.00712E+12,1,9,0,9,0,8,0,0,0,0,1,1,15,2,11,1400,1,2,8,3
2.00712E+12,1,9,0,9,0,2,0,0,0,0,1,1,15,1,11,1386,1,4,8,1
2.00712E+12,1,9,0,9,0,1,0,0,0,0,1,1,2,1,5,1391,1,9,6,1
2.00712E+12,2,5,0,13,0,1,0,0,0,0,1,1,15,1,8,798,1,21,10,1
2.00712E+12,1,3,0,13,0,0,0,0,0,0,4,1,15,1,6,124,1,3,8,1
2.00712E+12,2,9,0,9,0,0,0,0,0,0,3,1,15,1,6,1598,1,2,4,1
2.00712E+12,1,9,0,18,0,4,0,0,0,0,3,1,15,2,7,1198,1,1,10,1
2.00712E+12,2,5,0,18,0,4,1,0,0,0,1,1,15,1,9,998,1,-1,10,2
2.00712E+12,1,9,0,18,0,1,1,0,0,0,1,1,15,1,4,1299,1,9,10,1
2.00712E+12,1,9,0,18,0,0,0,0,0,0,1,1,2,1,6,1597,1,12,7,1
2.00712E+12,1,9,0,5,0,0,0,0,0,0,1,1,15,2,6,1360,1,6,10,1
2.00712E+12,2,5,0,4,0,1,0,0,0,0,3,1,2,2,8,998,1,1,9,2
2.00712E+12,2,9,0,9,0,8,0,0,0,0,4,1,15,2,8,1043,1,9,5,1
2.00712E+12,1,9,0,6,0,6,0,0,0,0,3,1,15,1,10,1984,1,-1,10,2
2.00712E+12,2,9,0,18,0,8,1,0,7,0,1,1,15,2,6,1794,1,2,8,3
2.00712E+12,1,9,0,4,0,0,0,0,0,0,1,1,15,1,8,1299,1,10,9,1
2.00712E+12,2,9,0,3,0,0,0,0,0,0,2,1,15,1,6,954,1,14,4,1
2.00712E+12,1,9,0,18,0,1,0,0,0,0,1,1,1,1,6,1781,1,9,9,2
2.00712E+12,2,9,0,18,0,8,0,10,8,0,4,1,15,2,9,1596,1,-1,10,2
2.00712E+12,1,9,0,3,0,1,0,0,0,0,2,1,1,1,9,2319,1,10,10,2
2.00712E+12,2,9,0,4,0,1,0,0,0,0,1,1,15,1,8,1998,1,1,4,1
2.00712E+12,3,9,0,18,0,1,0,0,0,0,1,1,15,1,8,1493,1,7,5,1
2.00712E+12,1,9,0,9,0,6,0,0,0,0,4,1,1,1,8,1589,1,10,6,2
2.00712E+12,1,9,0,9,0,5,0,0,0,0,4,1,15,1,7,1390,1,5,10,2
2.00712E+12,1,5,0,18,0,4,2,0,0,0,0,1,2,1,8,644,1,1,7,3
2.00712E+12,1,2,0,15,0,1,0,0,0,0,1,1,2,2,4,19,1,5,9,1
2.00712E+12,2,9,0,9,0,6,0,0,0,0,4,1,2,1,5,1299,1,5,-1,-1
2.00712E+12,1,9,0,3,0,4,0,0,0,0,2,1,15,1,6,1390,1,5,8,2
2.00712E+12,2,9,0,5,0,4,0,0,0,0,1,1,15,1,4,1242,1,7,10,3
2.00712E+12,1,9,0,5,0,8,0,0,0,0,3,1,15,1,4,1124,1,10,8,3
2.00712E+12,1,9,0,5,0,2,0,0,0,0,1,1,15,1,7,1124,1,3,8,2
2.00712E+12,1,9,0,18,0,0,0,0,0,0,4,1,1,2,6,1598,1,7,5,1
2.00712E+12,2,9,0,2,0,0,0,0,0,0,1,1,15,2,7,1289,1,10,2,1
2.00712E+12,2,9,0,7,0,1,0,0,0,0,2,1,15,2,7,2000,1,2,6,1
2.00712E+12,1,9,0,4,0,2,0,0,0,0,2,1,15,2,7,2354,1,4,10,1
2.00712E+12,1,9,0,5,0,8,0,0,0,0,3,1,15,2,9,1360,1,1,10,2
2.00712E+12,2,2,0,18,0,8,0,0,0,0,4,1,15,1,4,49,1,4,9,1
2.00712E+12,1,5,0,18,0,8,1,0,0,0,1,1,15,1,6,599,1,11,4,1
2.00712E+12,2,9,0,9,0,8,0,0,0,0,2,1,15,2,6,1798,1,3,10,2
2.00712E+12,1,9,0,13,0,0,1,0,7,7,4,1,15,1,5,2997,1,14,8,2
2.00712E+12,2,9,0,18,0,0,0,0,0,0,3,1,15,2,5,1195,1,9,10,1
2.00712E+12,3,9,0,18,0,0,0,0,0,0,0,1,15,1,7,2000,1,7,9,3
2.00712E+12,1,5,0,17,0,0,0,0,7,10,1,1,15,1,8,988,1,6,6,1
2.00712E+12,2,9,0,4,0,1,0,0,0,0,2,1,15,1,6,1587,1,5,-1,-1
2.00712E+12,3,9,0,4,0,1,0,0,0,0,2,1,15,2,5,1299,1,7,6,1
2.00712E+12,4,9,0,18,0,1,0,0,0,0,1,1,15,2,4,1199,1,3,6,1
2.00712E+12,1,5,0,18,0,8,0,0,0,0,4,1,15,1,7,781,1,7,10,2
2.00712E+12,2,9,0,11,0,8,0,0,0,0,3,1,15,1,7,1991,1,7,2,1
2.00712E+12,1,9,0,18,0,0,0,0,0,0,1,1,15,1,8,3995,1,39,7,3
2.00712E+12,2,9,0,18,0,0,0,0,0,0,2,1,1,2,7,1588,1,6,3,1
2.00712E+12,3,9,0,18,0,0,0,0,0,0,2,1,15,1,9,1598,1,5,10,1
2.00712E+12,1,9,0,9,0,8,0,0,0,0,1,1,15,2,4,1242,1,9,8,1
2.00712E+12,2,9,0,10,0,1,0,0,0,0,2,1,15,1,8,1994,1,10,-1,-1
2.00712E+12,3,9,0,18,0,1,0,0,0,0,1,1,15,1,9,1242,1,9,10,1
2.00712E+12,1,9,0,18,0,0,0,0,0,0,1,1,15,2,7,2979,1,4,5,1
2.00712E+12,1,9,0,3,0,1,0,0,0,0,2,1,15,1,6,1388,1,5,2,1
2.00712E+12,2,9,0,4,0,1,0,0,0,0,1,1,15,1,5,1242,1,7,10,3
2.00712E+12,1,5,0,18,0,1,2,0,0,0,3,1,15,1,8,916,1,5,-1,2
2.00712E+12,1,9,0,18,0,8,0,0,0,0,4,1,1,1,8,1985,1,7,10,2
2.00712E+12,1,9,0,17,0,0,2,0,7,9,1,1,15,1,4,1299,1,7,9,2
2.00712E+12,1,9,0,18,0,4,0,0,0,0,1,1,1,2,8,1781,1,10,9,1
2.00712E+12,1,9,0,5,0,0,0,0,0,0,4,1,2,2,5,1596,1,8,6,1
2.00712E+12,1,9,0,4,0,0,0,0,0,0,0,1,3,2,7,2000,1,3,8,1
2.00712E+12,1,3,0,13,0,0,0,0,0,0,1,1,15,1,8,125,1,-1,8,1
2.00712E+12,2,9,0,18,0,0,0,0,0,0,3,1,15,2,7,1796,1,1,10,2
2.00712E+12,1,9,0,18,0,1,0,0,0,0,3,1,3,2,7,2521,1,1,8,3
2.00712E+12,1,3,0,14,0,1,1,0,0,0,1,1,15,1,5,101,1,-1,-1,-1
2.00712E+12,2,8,0,5,0,2,0,0,0,0,1,1,1,1,6,1796,1,7,9,2
2.00712E+12,2,9,0,3,0,0,0,0,1,0,2,1,15,1,4,1299,1,6,9,2
2.00712E+12,3,9,0,3,0,0,0,0,0,0,2,1,15,1,9,1598,1,5,10,1
2.00712E+12,1,9,0,9,0,6,0,0,0,0,3,1,15,1,5,998,1,3,10,1
2.00712E+12,2,9,0,5,0,2,0,0,0,0,1,1,2,2,5,988,1,15,7,3
2.00712E+12,1,9,0,9,0,6,0,0,0,0,3,1,1,1,6,1948,1,9,7,3
2.00712E+12,2,3,0,18,0,1,1,0,0,0,1,1,15,1,4,125,1,3,9,2
2.00712E+12,1,9,0,18,0,0,1,0,7,4,1,1,15,2,7,1390,1,9,9,3
2.00712E+12,2,9,0,10,0,1,0,0,0,0,2,1,1,2,8,1120,1,11,8,1
2.00712E+12,3,9,0,4,0,1,0,0,1,10,2,1,1,1,7,1598,1,7,6,1
2.00712E+12,2,4,0,13,0,1,0,0,7,10,4,1,2,1,6,599,1,2,5,1
2.00712E+12,1,9,0,18,0,1,1,0,0,0,1,1,15,1,5,1984,1,14,6,1
2.00712E+12,1,9,0,3,0,1,0,0,0,0,2,1,2,2,10,998,1,4,7,1
2.00712E+12,1,9,0,18,0,0,0,0,0,0,1,1,2,2,8,2979,1,6,10,2
2.00712E+12,2,9,0,18,0,0,0,0,0,0,2,1,15,1,9,1242,1,9,8,1
2.00712E+12,2,9,0,9,0,1,0,0,0,0,1,1,15,1,5,1199,1,5,8,3
2.00712E+12,1,9,0,16,0,6,0,0,0,0,0,1,15,2,11,1396,1,16,9,1
2.00712E+12,1,9,0,17,0,0,0,0,2,7,1,1,15,1,5,1596,1,1,-1,-1
2.00712E+12,2,8,0,18,0,1,0,0,0,0,3,1,1,1,10,1796,1,13,3,1
2.00712E+12,1,9,0,9,0,6,0,0,0,0,3,1,15,1,9,1587,1,5,-1,-1
2.00712E+12,2,5,0,18,0,1,1,0,0,0,1,1,15,1,8,929,1,6,2,1
2.00712E+12,1,2,0,18,0,1,0,0,1,0,1,1,15,1,4,49,1,3,3,1
2.00712E+12,2,9,0,9,0,1,0,0,0,0,4,1,2,1,6,1199,1,9,7,1
2.00712E+12,1,9,0,9,0,6,0,0,0,0,1,1,15,1,8,1598,1,7,4,1
2.00712E+12,2,3,0,14,0,0,0,0,7,0,1,1,1,1,6,124,1,1,7,2
2.00712E+12,1,9,0,9,0,1,0,0,0,0,3,1,15,2,6,1598,1,5,7,1
2.00712E+12,2,3,0,13,0,1,0,0,0,0,4,1,15,2,4,124,1,1,10,2
2.00712E+12,3,9,0,18,0,3,0,0,0,0,0,1,2,1,5,1596,1,6,5,1
2.00712E+12,1,9,0,18,0,0,0,0,0,0,4,1,15,2,11,1390,1,9,8,1
2.00712E+12,1,9,0,7,0,6,0,0,0,0,1,1,1,1,6,1198,1,-1,9,2
2.00712E+12,2,4,0,17,0,1,0,0,0,0,0,1,2,1,9,125,1,1,6,1
2.00712E+12,2,5,0,18,0,1,0,0,0,0,1,1,15,1,9,843,1,27,9,1
2.00712E+12,1,9,0,18,0,1,0,0,0,0,1,1,3,2,6,1589,1,11,10,1
2.00712E+12,2,9,0,9,0,1,0,0,0,0,2,1,1,1,5,1973,1,9,4,1
2.00712E+12,3,9,0,6,0,0,0,0,0,0,2,1,15,1,8,1497,1,6,6,1
2.00712E+12,1,9,0,9,0,8,0,0,0,0,1,1,15,1,6,1975,1,3,10,1
2.00712E+12,1,2,0,14,0,8,1,0,7,0,1,1,15,3,-1,49,1,2,-1,-1
2.00712E+12,1,2,0,18,0,8,0,0,0,0,1,1,15,1,4,49,1,6,1,1
2.00712E+12,1,9,0,9,4,6,0,0,0,0,3,1,1,1,6,1388,1,5,10,1
2.00712E+12,1,3,0,4,0,1,1,0,0,0,0,1,15,1,5,124,1,9,10,1
2.00712E+12,1,9,0,14,0,1,0,0,0,0,4,1,15,2,4,998,1,14,10,1
2.00712E+12,1,9,0,7,0,1,0,0,0,0,2,1,15,1,7,1590,1,6,7,1
2.00712E+12,2,9,0,18,0,1,0,0,0,0,1,1,15,2,6,1800,1,7,8,1
2.00712E+12,1,9,0,10,0,1,0,0,0,0,3,1,2,2,6,973,1,4,10,2
2.00712E+12,2,9,0,9,0,1,0,0,0,0,1,1,15,2,10,1598,1,4,-1,-1
2.00712E+12,1,4,0,15,0,0,0,0,0,0,1,1,15,1,4,125,1,-1,8,1
2.00712E+12,2,9,0,5,0,0,0,0,0,0,2,1,15,1,5,1997,1,3,2,1
2.00712E+12,1,9,0,5,0,4,0,0,0,0,1,1,15,2,8,1229,1,2,10,3
2.00712E+12,1,9,0,18,0,0,0,0,0,0,1,1,15,1,10,1339,1,2,10,1
2.00712E+12,1,9,0,18,0,3,0,0,0,0,1,1,1,1,7,1389,1,13,8,1
2.00712E+12,2,9,0,18,0,3,5,0,0,0,2,1,1,1,7,1796,1,2,9,1
2.00712E+12,2,9,0,18,0,8,0,0,0,0,3,1,15,1,8,1328,1,3,6,1
2.00712E+12,1,9,0,18,0,0,0,0,0,0,3,1,15,2,5,1199,1,7,6,1
2.00712E+12,1,9,0,18,0,0,0,0,0,0,1,1,15,1,5,1124,1,14,7,3
2.00712E+12,2,9,0,4,0,0,0,0,7,0,2,1,15,2,5,1298,1,3,7,1
2.00712E+12,1,9,0,12,0,0,0,0,0,0,3,1,15,2,9,1990,1,3,5,3
2.00712E+12,1,9,0,18,0,1,0,0,0,0,1,1,15,1,11,993,1,6,10,2
2.00712E+12,2,5,0,18,0,1,0,0,0,0,4,1,1,1,7,1084,1,10,9,1
2.00712E+12,1,9,0,6,0,0,0,0,7,0,3,1,15,1,8,1794,1,5,9,1
2.00712E+12,2,5,0,14,0,0,5,0,7,0,1,1,15,1,6,988,1,5,4,2
2.00712E+12,1,9,0,18,9,0,0,0,0,0,1,1,15,3,-1,1781,1,5,-1,-1
2.00712E+12,1,9,0,5,0,6,0,0,0,0,1,1,15,1,9,1199,1,4,10,1
2.00712E+12,2,9,0,18,0,8,1,0,7,0,1,1,15,1,9,1598,1,-1,-1,-1