Acc_Index,Vehicle_Reference,Vehicle_Type,Towing_and_Articulation,Vehicle_Manoeuvre,Vehicle_Location-Restricted_Lane,Junction_Location,Skidding_and_Overturning,Hit_Object_in_Carriageway,Vehicle_Leaving_Carriageway,Hit_Object_off_Carriageway,1st_Point_of_Impact,Was_Vehicle_Left_Hand_Drive?,Journey_Purpose_of_Driver,Sex_of_Driver,Age_Band_of_Driver,Engine_Capacity_(CC),Propulsion_Code,Age_of_Vehicle,Driver_IMD_Decile,Driver_Home_Area_Type
2.00812E+12,1,9,0,9,0,5,0,0,0,0,1,1,15,1,4,1796,1,7,4,1
2.00812E+12,3,9,0,2,0,2,0,0,0,0,2,1,15,1,8,2435,1,8,6,1
2.00812E+12,1,8,0,4,0,1,0,0,0,0,0,1,1,1,8,2498,1,8,9,1
2.00812E+12,2,9,0,4,0,0,0,0,0,0,1,1,3,2,6,1796,1,9,-1,-1
2.00812E+12,1,9,0,17,0,0,2,0,1,9,1,1,1,2,4,998,1,5,10,2
2.00812E+12,2,9,0,4,0,0,0,0,0,0,2,1,1,1,5,1149,1,6,-1,-1
2.00812E+12,1,9,0,4,0,1,0,0,0,0,2,1,15,1,5,1200,1,5,6,1
2.00812E+12,1,9,0,18,0,0,1,10,2,0,4,1,15,1,6,3498,1,5,-1,-1
2.00812E+12,2,9,0,18,0,0,0,0,1,0,1,1,15,2,8,998,1,4,10,1
2.00812E+12,3,9,0,18,0,0,0,0,0,0,0,1,15,2,8,1396,1,9,9,1
2.00812E+12,1,3,0,12,0,0,1,0,4,6,3,1,15,1,4,125,1,2,1,1
2.00812E+12,2,9,0,18,0,0,0,0,0,0,2,1,15,1,6,1597,1,7,8,1
2.00812E+12,1,9,0,9,0,6,0,0,0,0,4,1,15,1,5,1360,1,8,8,1
2.00812E+12,2,5,0,13,0,1,1,0,0,0,4,1,15,1,7,1000,1,-1,10,1
2.00812E+12,2,9,0,9,0,8,0,0,0,0,3,1,15,1,4,998,1,5,8,2
2.00812E+12,1,9,0,3,0,0,0,0,0,0,0,1,2,2,6,1195,1,10,9,3
2.00812E+12,2,9,0,4,0,0,1,0,7,0,1,1,15,1,4,1598,1,12,10,3
2.00812E+12,2,5,0,18,0,8,0,0,0,0,1,1,15,1,8,649,1,1,8,1
2.00812E+12,1,9,0,18,0,8,0,0,0,0,1,1,15,1,7,2521,1,3,9,2
2.00812E+12,3,9,0,18,0,8,0,0,0,0,2,1,15,1,6,1595,1,10,-1,-1
2.00812E+12,1,9,0,15,0,1,0,0,0,0,1,1,15,2,10,1798,1,4,9,1
2.00812E+12,2,5,0,7,0,1,0,0,0,0,4,1,15,2,8,1100,1,14,3,1
2.00812E+12,1,5,0,5,0,0,1,0,0,0,0,1,15,1,8,1584,1,1,10,1
2.00812E+12,2,9,0,7,0,0,0,0,0,0,0,1,15,1,6,1396,1,12,9,1
2.00812E+12,1,9,0,18,0,5,0,0,0,0,1,1,15,1,5,1598,1,8,10,1
2.00812E+12,2,9,0,18,0,0,0,0,0,0,2,1,15,1,9,1598,1,5,9,1
2.00812E+12,1,2,0,18,0,8,0,0,0,0,3,1,4,1,4,50,1,1,5,1
2.00812E+12,1,9,0,4,0,1,0,0,0,0,2,1,15,1,8,1598,1,9,-1,-1
2.00812E+12,1,9,0,5,0,8,0,0,0,0,3,1,3,1,8,1598,1,-1,1,1
2.00812E+12,2,9,0,4,0,1,0,0,0,0,2,1,15,2,8,1489,1,11,10,1
2.00812E+12,1,9,0,9,0,5,0,0,0,0,1,1,15,1,7,2616,1,3,2,1
2.00812E+12,1,9,0,18,0,1,0,0,0,0,1,1,15,2,6,1597,1,12,8,1
2.00812E+12,2,9,0,3,0,1,0,0,0,0,2,1,15,1,8,1596,1,4,7,1
2.00812E+12,3,9,0,3,0,1,0,0,0,0,2,1,15,2,6,1497,1,5,3,1
2.00812E+12,1,9,0,16,0,0,2,0,1,4,4,1,15,1,7,1984,1,3,9,2
2.00812E+12,1,9,0,5,0,4,0,0,0,0,1,1,15,2,4,1242,1,5,9,1
2.00812E+12,1,9,0,4,0,8,0,0,0,0,1,1,3,2,7,2972,1,10,6,1
2.00812E+12,1,3,0,3,0,8,0,0,0,0,1,1,2,1,4,124,1,-1,7,1
2.00812E+12,1,3,0,18,0,7,0,0,0,0,0,1,15,1,7,124,1,9,3,1
2.00812E+12,1,3,0,14,0,0,0,0,0,0,1,1,15,1,7,124,1,-1,9,1
2.00812E+12,1,3,0,18,0,0,0,0,1,0,0,1,15,1,7,124,1,3,1,1
2.00812E+12,1,9,0,9,0,1,0,0,0,0,4,1,15,2,5,1390,1,6,3,1
2.00812E+12,2,2,0,18,0,1,0,0,0,0,1,1,1,1,5,49,1,1,7,3
2.00812E+12,2,3,0,5,0,1,0,0,0,0,0,1,15,1,5,124,1,18,2,1
2.00812E+12,2,9,0,8,0,1,0,0,0,0,2,1,2,2,7,1299,1,4,8,1
2.00812E+12,1,5,0,18,0,0,0,12,0,0,1,1,15,1,6,599,1,7,10,1
2.00812E+12,1,9,0,18,0,0,2,0,1,0,1,1,2,1,4,1124,1,5,4,1
2.00812E+12,1,9,0,18,0,0,1,0,0,0,1,1,15,1,5,1597,1,18,2,1
2.00812E+12,1,9,0,18,0,0,1,0,7,4,2,1,15,1,5,1998,1,11,3,1
2.00812E+12,1,9,0,5,0,6,0,0,0,0,1,1,15,2,9,1798,1,2,5,3
2.00812E+12,1,9,0,16,0,0,0,0,7,4,4,1,15,1,4,973,1,8,10,3
2.00812E+12,1,9,0,9,0,5,0,0,0,0,1,1,15,2,6,1587,1,7,7,1
2.00812E+12,1,5,0,5,0,0,1,0,0,0,0,1,15,1,8,1250,1,7,7,3
2.00812E+12,1,9,0,18,0,0,0,0,0,0,3,1,3,1,7,1796,1,4,10,2
2.00812E+12,1,9,0,18,0,1,1,0,7,10,2,1,15,1,5,1984,1,8,-1,-1
2.00812E+12,1,9,0,18,0,0,0,0,0,0,1,1,15,1,6,2290,1,8,4,1
2.00812E+12,3,8,0,2,0,0,0,0,0,0,2,1,1,1,9,1798,1,6,3,1
2.00812E+12,2,9,0,4,0,8,0,0,0,0,2,1,15,2,9,1598,1,5,3,1
2.00812E+12,1,9,0,18,0,0,1,0,0,0,1,1,2,2,6,1998,1,11,-1,-1
2.00812E+12,1,9,0,9,0,5,0,0,0,0,1,1,15,1,4,1789,1,13,10,1
2.00812E+12,2,4,0,18,0,1,0,0,0,2,1,1,15,1,5,449,1,3,2,1
2.00812E+12,2,9,0,18,0,0,0,0,0,0,2,1,15,2,7,1596,1,3,6,2
2.00812E+12,1,9,0,18,0,0,0,0,0,0,3,1,15,1,4,1124,1,4,-1,-1
2.00812E+12,1,9,0,18,0,0,0,0,0,0,0,1,15,1,10,1998,1,3,-1,-1
2.00812E+12,2,9,0,4,0,0,0,0,0,0,1,1,15,1,6,1149,1,5,10,1
2.00812E+12,1,9,0,18,0,0,0,0,0,0,1,1,15,2,9,1796,1,7,8,1
2.00812E+12,1,9,0,2,4,0,0,0,0,0,4,1,1,1,7,1598,1,3,9,2
2.00812E+12,1,9,0,18,0,1,0,0,0,0,1,1,2,1,8,1396,1,8,5,1
2.00812E+12,1,9,0,7,0,1,0,0,0,0,1,1,1,2,7,1794,1,4,9,1
2.00812E+12,1,9,0,13,0,1,2,7,0,0,1,1,1,1,5,1360,1,5,10,2
2.00812E+12,1,9,0,7,0,5,0,0,0,0,4,1,1,2,6,1299,1,6,6,1
2.00812E+12,3,9,0,2,0,0,0,0,0,0,0,1,15,3,-1,1598,1,11,-1,-1
2.00812E+12,1,9,0,3,0,1,0,0,0,0,1,1,15,1,10,1390,1,4,3,1
2.00812E+12,2,9,0,3,0,1,0,0,0,0,2,1,15,2,6,1798,1,2,10,1
2.00812E+12,2,9,0,4,0,1,0,0,0,0,2,1,15,1,5,1597,1,10,9,1
2.00812E+12,2,9,0,3,0,0,0,0,0,0,2,1,1,2,9,1389,1,13,6,2
2.00812E+12,2,2,0,18,0,1,0,0,0,0,1,1,1,1,6,49,1,1,-1,-1
2.00812E+12,1,9,0,17,0,0,0,0,0,0,3,1,1,1,5,1242,1,2,4,1
2.00812E+12,2,9,0,16,0,0,0,0,0,0,3,1,1,1,7,1998,1,14,3,1
2.00812E+12,1,9,0,9,0,0,0,0,0,0,1,1,15,1,4,1850,1,9,9,1
2.00812E+12,1,9,0,6,0,0,0,0,0,0,3,1,15,2,8,1948,1,11,-1,-1
2.00812E+12,3,2,0,18,0,0,0,0,0,0,0,1,1,1,7,111,1,7,3,1
2.00812E+12,1,9,0,9,0,8,0,0,0,0,3,1,15,1,7,3999,1,-1,-1,-1
2.00812E+12,1,9,0,18,9,1,0,0,1,10,1,1,15,2,11,1242,1,7,8,1
2.00812E+12,1,9,0,18,0,1,0,0,0,0,1,1,15,1,4,1396,1,3,8,1
2.00812E+12,1,9,0,18,0,0,5,0,1,9,0,1,15,2,5,1199,1,5,3,1
2.00812E+12,1,9,0,18,0,0,0,4,0,0,1,1,15,1,10,1999,1,2,4,1
2.00812E+12,2,9,0,2,0,0,0,4,0,0,1,1,3,1,6,1199,1,6,4,1
2.00812E+12,3,9,0,2,0,0,0,0,0,0,2,1,3,2,6,1598,1,4,3,1
2.00812E+12,1,2,0,4,0,1,1,0,0,0,0,1,1,1,4,125,1,8,8,2
2.00812E+12,1,9,0,10,0,1,0,0,0,0,1,1,15,1,4,999,1,10,10,2
2.00812E+12,2,9,0,18,0,1,0,0,0,0,3,1,15,1,6,1850,1,9,6,1
2.00812E+12,1,9,0,18,0,0,0,0,0,0,2,1,15,1,7,1598,1,5,-1,-1
2.00812E+12,2,9,0,18,0,0,0,0,0,0,1,1,15,1,6,1240,1,4,-1,-1
2.00812E+12,1,9,0,4,0,1,0,0,0,0,4,1,2,2,9,1589,1,13,10,2
2.00812E+12,2,2,0,13,0,1,1,0,0,0,1,1,15,1,4,49,1,4,7,3
2.00812E+12,1,9,0,9,0,8,0,0,0,0,1,1,15,1,4,1796,1,9,10,1
2.00812E+12,2,9,0,18,0,8,0,0,0,0,1,1,15,1,8,1794,1,7,10,1
2.00812E+12,1,9,0,18,0,0,0,0,1,0,3,1,1,1,6,1598,1,9,7,1
2.00812E+12,2,9,0,18,0,0,0,11,0,0,0,1,15,1,5,1761,1,8,3,1
2.00812E+12,1,9,0,9,0,4,0,0,0,0,2,1,1,2,6,1299,1,15,10,2
2.00812E+12,1,2,0,18,0,0,0,0,1,0,4,1,2,2,4,49,1,9,10,1
2.00812E+12,2,9,0,18,0,1,1,0,1,1,1,1,15,1,9,1086,1,1,5,2
2.00812E+12,1,9,0,18,0,1,0,0,0,0,3,1,2,1,6,1781,1,13,10,3
2.00812E+12,1,9,0,5,0,2,0,0,0,0,1,1,15,1,8,1747,1,11,9,2
2.00812E+12,2,2,0,5,0,4,0,0,0,0,1,1,15,2,8,49,1,1,9,1
2.00812E+12,2,9,0,9,0,6,0,0,0,0,1,1,1,2,6,1598,1,6,7,1
2.00812E+12,1,9,0,16,0,0,1,0,0,0,1,1,15,1,4,1124,1,9,4,1
2.00812E+12,1,9,0,5,0,4,0,0,0,0,1,1,2,1,7,1389,1,12,8,1
2.00812E+12,2,9,0,18,0,0,0,0,2,0,1,1,15,1,9,1988,1,10,10,1
2.00812E+12,1,9,0,18,0,1,0,0,0,0,3,1,15,2,5,998,1,25,8,1
2.00812E+12,2,9,0,9,0,1,0,0,0,0,3,1,15,1,8,1240,1,3,9,3
2.00812E+12,1,9,0,18,7,1,1,10,1,10,2,1,15,2,6,1360,1,8,3,1
2.00812E+12,2,9,0,10,0,6,0,0,0,0,0,1,1,2,7,1198,1,2,3,1
2.00812E+12,1,4,0,13,0,0,1,0,0,0,1,1,15,1,10,399,1,14,7,1
2.00812E+12,2,9,0,18,0,0,0,0,0,0,1,1,15,1,10,1998,1,-1,-1,-1
2.00812E+12,1,9,0,5,0,4,0,0,0,0,1,1,15,2,6,1796,1,5,10,2
2.00812E+12,1,9,0,18,0,1,0,0,0,0,1,1,15,1,11,1298,1,5,10,1
2.00812E+12,2,9,0,9,0,8,0,0,0,0,3,1,15,2,9,1198,1,6,7,1
2.00812E+12,1,9,0,18,0,8,5,7,0,10,1,1,15,1,5,1587,1,5,6,1
2.00812E+12,1,9,0,17,0,0,2,0,7,10,2,1,2,2,7,1598,1,1,3,1
2.00812E+12,1,9,0,18,0,4,0,0,0,0,3,1,2,1,7,1587,1,6,1,1
2.00812E+12,1,9,0,12,0,8,0,0,5,6,1,1,15,1,7,1390,1,10,6,1
2.00812E+12,2,9,0,18,0,8,0,0,5,6,1,1,2,2,6,1360,1,7,1,1
2.00812E+12,1,9,0,17,0,0,0,0,0,0,1,1,15,1,7,1300,1,12,3,1
2.00812E+12,2,9,0,2,0,0,0,0,0,0,0,1,15,1,10,1796,1,7,7,1
2.00812E+12,1,9,0,10,0,0,0,0,1,0,2,1,15,2,4,1242,1,8,8,3
2.00812E+12,2,3,0,16,0,4,0,0,0,0,2,1,15,1,7,124,1,6,2,1
2.00812E+12,4,9,0,3,0,0,0,0,0,0,2,1,2,1,7,1984,1,1,-1,-1
2.00812E+12,5,9,0,3,0,0,0,0,0,0,2,1,15,1,7,1242,1,7,10,1
2.00812E+12,1,9,0,18,0,4,0,0,0,0,4,1,15,2,9,1596,1,6,9,2
2.00812E+12,1,9,0,18,0,1,0,0,0,0,1,1,15,2,5,1242,1,10,10,3
2.00812E+12,1,9,0,9,0,2,0,0,0,0,1,1,15,1,7,1328,1,1,10,1
2.00812E+12,1,3,0,18,0,0,0,0,0,0,1,1,2,1,4,124,1,18,2,1
2.00812E+12,1,9,0,18,0,1,0,0,0,0,3,1,15,2,7,1796,1,1,7,3
2.00812E+12,2,9,0,18,0,1,0,0,0,0,1,1,15,2,8,1970,1,3,8,3
2.00812E+12,1,9,0,18,0,0,0,0,0,0,3,1,15,2,8,2000,1,2,9,1
2.00812E+12,1,9,0,9,0,6,0,0,0,0,3,1,15,1,8,1598,1,9,7,3
2.00812E+12,1,9,0,18,0,8,0,0,0,0,1,1,15,2,10,1360,1,3,3,1
2.00812E+12,2,9,0,18,0,1,0,0,0,0,1,1,15,1,6,1390,1,5,7,3
2.00812E+12,2,9,0,10,0,1,0,0,0,0,2,1,1,1,7,1596,1,2,9,3
2.00812E+12,1,9,0,6,0,0,0,0,0,0,3,1,15,2,5,999,1,4,3,1
2.00812E+12,2,2,0,18,0,0,0,0,0,0,1,1,15,1,4,49,1,9,3,1
2.00812E+12,1,9,0,6,0,3,0,0,0,0,1,1,15,2,6,1299,1,12,7,1
2.00812E+12,2,9,0,18,0,4,0,0,0,0,1,1,15,2,9,1598,1,3,9,2
2.00812E+12,1,9,0,3,0,0,0,0,0,0,2,1,15,2,4,998,1,4,7,3
2.00812E+12,1,9,0,9,0,2,0,0,0,0,4,1,15,1,8,1587,1,2,10,2
2.00812E+12,1,9,0,18,0,0,0,0,0,0,2,1,15,1,6,1596,1,1,2,1
2.00812E+12,3,9,0,18,0,0,0,0,0,0,1,1,15,2,6,1998,1,4,5,2
2.00812E+12,1,9,0,18,0,0,0,0,7,10,0,1,15,1,5,1597,1,13,9,1
2.00812E+12,1,9,0,18,0,0,0,0,0,0,0,1,15,1,4,1242,1,3,10,1
2.00812E+12,2,5,0,13,0,0,0,0,7,9,1,1,15,1,8,998,1,3,7,1
2.00812E+12,2,9,0,18,0,0,0,0,1,0,1,1,15,1,6,1834,1,11,-1,-1
2.00812E+12,1,9,0,9,0,6,1,10,2,0,4,1,1,2,4,998,1,2,3,1
2.00812E+12,2,9,0,3,0,4,0,0,0,0,1,1,15,2,6,1769,1,5,9,1
2.00812E+12,1,9,0,10,0,1,0,0,0,0,3,1,15,2,8,2435,1,7,6,3
2.00812E+12,1,3,0,3,0,0,0,0,0,0,4,1,15,1,7,124,1,4,6,1
2.00812E+12,2,9,0,14,0,0,0,0,0,0,1,1,15,2,6,1124,1,12,4,1
2.00812E+12,2,4,0,18,0,0,0,0,0,0,2,1,1,1,7,124,1,6,7,1
2.00812E+12,2,9,0,16,0,0,0,0,0,0,3,1,2,1,8,1994,1,17,8,3
2.00812E+12,1,9,0,18,0,0,2,10,1,8,4,1,15,1,4,973,1,8,9,1
2.00812E+12,1,9,0,9,0,8,0,0,0,1,4,1,15,2,4,1124,1,12,8,1
2.00812E+12,2,9,0,2,0,2,0,0,0,0,0,1,1,1,6,2401,1,3,8,1
2.00812E+12,1,9,0,9,0,8,0,0,1,0,4,1,15,2,11,998,1,12,9,1
2.00812E+12,1,9,0,9,0,6,0,0,0,0,1,1,15,2,7,1598,1,1,9,2
2.00812E+12,2,3,0,18,0,1,0,0,0,0,1,1,15,2,4,124,1,8,9,3
2.00812E+12,3,9,0,4,0,1,0,0,0,0,0,1,2,2,7,998,1,5,2,1
2.00812E+12,1,9,0,18,0,1,0,0,0,0,1,1,15,1,9,1598,1,4,-1,-1
2.00812E+12,2,2,0,18,0,0,0,0,0,0,1,1,15,2,4,49,1,1,10,1
2.00812E+12,1,9,0,16,0,0,2,0,7,10,3,1,15,1,5,1229,1,2,10,3
2.00812E+12,2,3,0,14,0,0,0,0,0,0,4,1,15,1,5,125,1,7,8,1
2.00812E+12,2,9,0,9,0,8,0,0,7,0,4,1,15,1,4,1199,1,6,5,3
2.00812E+12,1,9,0,9,0,5,0,0,7,0,1,1,15,2,7,1199,1,7,6,1
2.00812E+12,2,9,0,8,0,1,0,0,0,0,4,1,15,1,10,1299,1,6,9,1
2.00812E+12,1,5,0,3,0,1,0,0,0,0,0,1,15,1,8,790,1,2,7,3
2.00812E+12,2,5,0,4,0,1,0,0,0,0,0,1,15,1,9,1200,1,7,-1,-1
2.00812E+12,1,9,0,18,0,1,0,0,0,0,1,1,1,2,5,1364,1,2,9,2
2.00812E+12,2,9,0,18,0,1,0,0,0,0,2,1,2,2,8,998,1,4,6,3
2.00812E+12,3,5,0,15,0,1,0,0,1,7,1,1,2,1,8,498,1,9,10,1
2.00812E+12,1,9,0,7,0,1,0,0,0,0,4,1,15,1,6,1994,1,11,6,1
2.00812E+12,1,9,0,3,0,1,0,0,0,0,2,1,15,2,8,1389,1,7,1,1
2.00812E+12,2,9,0,7,0,1,0,0,0,0,1,1,1,2,8,1598,1,8,8,1
2.00812E+12,2,9,0,18,0,1,1,0,0,0,1,1,15,1,9,1796,1,9,8,1
2.00812E+12,1,9,0,9,0,8,0,0,0,0,3,1,15,1,5,1299,1,12,5,2
2.00812E+12,2,5,0,18,0,8,0,0,0,0,1,1,15,1,7,899,1,11,1,1
2.00812E+12,1,9,0,9,0,8,0,0,0,0,1,1,15,2,4,1388,1,7,7,1
2.00812E+12,1,9,0,18,0,8,0,0,1,2,1,1,15,2,10,1796,1,-1,6,1
2.00812E+12,1,9,0,18,0,0,0,0,0,0,2,1,15,1,9,1360,1,2,-1,1
2.00812E+12,2,9,0,18,0,0,0,0,0,0,1,1,15,2,4,1796,1,4,4,1
2.00812E+12,1,9,0,18,0,0,0,4,0,0,1,1,15,1,8,1597,1,16,5,1
2.00812E+12,2,9,0,2,0,0,0,0,0,0,2,1,15,2,5,973,1,5,5,3
2.00812E+12,3,9,0,2,0,0,0,0,0,0,2,1,15,1,7,1298,1,6,10,1
2.00812E+12,4,9,0,2,0,0,0,0,0,0,2,1,15,1,5,1598,1,1,10,1
2.00812E+12,1,2,0,18,0,2,1,0,0,0,1,1,2,2,4,49,1,9,2,1
2.00812E+12,3,9,0,18,0,0,0,0,0,0,2,1,1,2,7,1598,1,4,7,1
2.00812E+12,1,3,0,4,0,0,0,0,0,0,4,1,15,1,4,100,1,4,-1,-1
2.00812E+12,1,9,0,9,0,8,0,0,0,0,1,1,15,2,4,1242,1,3,10,2
2.00812E+12,1,8,0,18,0,0,0,0,0,0,0,1,1,1,10,1796,1,9,3,1
2.00812E+12,1,9,0,5,0,1,0,0,0,0,1,1,15,2,7,1396,1,4,4,1
2.00812E+12,2,9,0,18,0,8,0,0,0,0,4,1,2,2,7,1995,1,6,5,1
2.00812E+12,2,5,0,18,0,8,0,0,0,0,1,1,2,1,6,883,1,2,8,1
2.00812E+12,2,9,0,3,0,0,0,0,0,0,2,1,15,1,10,2316,1,10,10,1
2.00812E+12,3,9,0,4,0,0,0,0,0,0,2,1,15,1,9,1796,1,24,5,3
2.00812E+12,2,5,0,18,0,2,1,0,0,0,1,1,15,1,5,599,1,14,3,1
2.00812E+12,1,9,0,18,0,8,0,0,0,0,3,1,15,1,7,1796,1,6,7,1
2.00812E+12,1,9,0,9,0,6,0,0,0,0,3,1,3,2,4,1124,1,7,10,2
2.00812E+12,2,9,0,18,0,8,0,0,0,0,1,1,3,2,4,998,1,4,10,2
2.00812E+12,1,9,0,18,0,0,0,0,7,0,4,1,15,2,9,1998,1,9,8,2
2.00812E+12,2,9,0,18,0,0,0,0,0,0,1,1,15,1,7,1396,1,10,5,1
2.00812E+12,1,9,0,4,0,1,0,0,0,0,2,1,15,1,9,4196,1,5,7,2
2.00812E+12,2,9,0,4,0,1,0,0,0,0,2,1,15,1,8,1596,1,7,4,1
2.00812E+12,1,9,0,3,0,1,0,0,0,0,1,1,1,1,5,1597,1,8,9,1
2.00812E+12,1,9,0,16,0,0,1,10,8,3,1,1,15,1,6,1996,1,13,9,3
2.00812E+12,1,9,0,18,0,8,0,0,3,4,4,1,15,1,4,1845,1,10,-1,-1
2.00812E+12,1,9,0,9,0,1,0,0,0,0,2,1,15,1,7,1390,1,5,10,1
2.00812E+12,3,9,0,3,0,1,0,0,0,0,1,1,15,2,6,1587,1,6,7,1
2.00812E+12,4,9,0,3,0,1,0,0,0,0,1,1,15,2,8,1781,1,15,5,1
2.00812E+12,2,9,0,3,0,1,0,0,0,0,2,1,2,2,5,998,1,8,10,1
2.00812E+12,1,9,0,4,0,1,0,0,0,0,1,1,15,1,6,1598,1,11,6,1
2.00812E+12,1,9,0,18,0,0,0,0,0,0,1,1,15,1,6,1781,1,17,10,1
2.00812E+12,2,9,0,18,0,0,0,0,0,0,1,1,15,2,7,998,1,3,10,1
2.00812E+12,1,9,0,1,0,0,0,0,0,0,2,1,15,1,6,1998,1,19,5,1
2.00812E+12,1,9,0,18,0,0,0,0,0,0,3,1,15,2,9,2319,1,12,9,1
2.00912E+12,1,9,0,17,0,0,2,0,1,10,2,1,15,1,4,1390,1,6,4,1
2.00912E+12,1,9,0,17,0,4,1,10,1,2,3,1,15,2,5,1149,1,10,-1,-1
2.00912E+12,1,9,0,18,0,4,0,0,0,0,1,1,15,1,8,1598,1,6,10,1
2.00912E+12,2,9,0,18,0,1,0,0,0,0,1,1,15,1,4,1149,1,3,10,2
2.00912E+12,1,9,0,18,0,1,0,7,0,1,1,1,2,1,8,1796,1,13,3,1
2.00912E+12,1,9,0,18,0,0,1,0,7,2,3,1,15,1,6,1391,1,15,3,1
2.00912E+12,2,9,0,18,0,0,0,0,0,0,1,1,1,1,7,2401,1,2,-1,-1
2.00912E+12,1,9,0,5,0,3,0,10,0,0,2,1,15,2,4,1242,1,9,10,2
2.00912E+12,2,8,0,18,0,0,0,0,0,0,2,1,1,2,7,1390,1,14,7,1
2.00912E+12,1,9,0,18,0,0,1,0,8,2,1,1,15,1,4,1589,1,12,3,1
2.00912E+12,2,9,0,18,0,0,0,0,0,0,0,1,1,1,7,2401,1,2,8,1
2.00912E+12,2,9,0,2,0,1,0,0,0,0,1,1,15,2,8,2198,1,3,-1,-1
2.00912E+12,2,9,0,3,0,1,0,0,0,0,2,1,1,2,7,1124,1,7,6,3
2.00912E+12,1,9,0,5,0,6,0,0,3,10,3,1,15,1,11,1299,1,14,6,3
2.00912E+12,1,9,0,4,0,1,0,0,0,0,1,1,15,3,-1,1598,1,5,-1,-1
2.00912E+12,2,9,0,3,0,1,0,0,0,0,2,1,15,2,6,1397,1,2,9,1
2.00912E+12,1,9,0,4,0,1,0,0,0,0,1,1,15,2,5,993,1,10,8,2
2.00912E+12,2,9,0,4,0,1,0,0,0,0,2,1,15,2,8,1598,1,6,10,1
2.00912E+12,1,9,0,17,0,1,1,0,1,0,1,1,15,2,5,1149,1,9,7,1
2.00912E+12,1,9,0,18,0,0,0,0,1,0,1,1,15,2,8,1598,1,10,7,1
2.00912E+12,2,9,0,18,0,1,1,0,0,0,1,1,15,1,5,1199,1,7,6,2
2.00912E+12,1,9,0,18,0,1,0,0,3,0,1,1,2,2,5,1389,1,11,8,1
2.00912E+12,1,9,0,18,0,0,0,0,1,1,3,1,15,1,6,1587,1,12,4,1
2.00912E+12,1,9,0,7,0,1,0,0,0,0,2,1,15,2,6,1598,1,-1,4,1
2.00912E+12,2,9,0,7,0,1,0,0,0,0,1,1,15,1,7,2393,1,10,5,1
2.00912E+12,1,9,0,18,0,0,0,0,1,6,3,1,15,2,7,1769,1,7,3,1
2.00912E+12,2,9,0,18,0,1,0,0,0,0,1,1,15,1,10,1299,1,5,5,1
2.00912E+12,1,2,0,18,0,3,0,0,0,0,4,1,2,1,4,49,1,5,3,1
2.00912E+12,2,9,0,5,0,4,0,0,0,0,3,1,15,1,6,1998,1,5,8,2
2.00912E+12,1,9,0,18,0,8,0,4,0,2,1,1,15,1,5,1332,1,12,8,3
2.00912E+12,2,9,0,2,0,1,0,0,0,0,2,1,15,3,-1,1598,1,4,-1,-1
2.00912E+12,1,9,0,18,0,1,0,0,7,9,1,1,15,1,6,1596,1,2,2,1
2.00912E+12,3,9,0,18,0,1,0,0,0,0,1,1,15,2,8,1590,1,10,-1,-1
2.00912E+12,1,2,0,4,0,0,0,0,0,0,1,1,15,2,6,79,1,21,9,1
2.00912E+12,2,9,0,3,0,0,0,0,0,0,2,1,15,2,5,1796,1,9,9,1
2.00912E+12,1,9,0,2,0,0,0,0,0,0,3,1,15,1,7,1364,1,3,3,1
2.00912E+12,2,9,0,18,0,0,0,0,0,0,2,1,15,1,6,1834,1,9,10,1
2.00912E+12,1,9,0,11,0,3,0,0,0,0,1,1,1,1,6,1998,1,6,8,1
2.00912E+12,2,9,0,9,0,3,0,0,0,0,3,1,1,1,4,1299,1,8,10,1
2.00912E+12,1,9,0,6,0,6,0,0,0,0,3,1,3,1,8,2967,1,2,-1,-1
2.00912E+12,1,9,0,18,0,1,1,0,1,2,1,1,1,2,5,1242,1,5,8,1
2.00912E+12,1,9,0,10,0,2,1,0,0,0,1,1,15,1,4,1275,1,10,10,2
2.00912E+12,3,9,0,4,0,1,0,0,0,0,2,1,15,2,6,2497,1,4,9,3
2.00912E+12,1,9,0,18,0,0,0,0,0,0,1,1,15,1,5,1598,1,4,3,1
2.00912E+12,2,9,0,18,0,0,0,0,0,0,4,1,15,2,6,1587,1,3,3,1
2.00912E+12,1,9,0,18,0,0,0,0,0,0,1,1,15,3,-1,973,1,10,-1,-1
2.00912E+12,1,9,0,1,0,0,0,0,0,0,2,1,2,1,6,2498,1,11,6,2