Acc_Index,Vehicle_Reference,Vehicle_Type,Towing_and_Articulation,Vehicle_Manoeuvre,Vehicle_Location-Restricted_Lane,Junction_Location,Skidding_and_Overturning,Hit_Object_in_Carriageway,Vehicle_Leaving_Carriageway,Hit_Object_off_Carriageway,1st_Point_of_Impact,Was_Vehicle_Left_Hand_Drive?,Journey_Purpose_of_Driver,Sex_of_Driver,Age_Band_of_Driver,Engine_Capacity_(CC),Propulsion_Code,Age_of_Vehicle,Driver_IMD_Decile,Driver_Home_Area_Type
2.01112E+12,2,9,0,9,0,8,0,0,0,0,3,1,6,2,5,1400,1,12,6,1
2.01112E+12,2,9,0,4,0,0,0,0,0,0,2,1,6,1,11,1796,1,-1,-1,-1
2.01112E+12,1,9,0,18,0,1,1,0,0,0,1,1,6,1,5,1587,1,9,9,2
2.01112E+12,2,9,0,9,0,8,0,0,0,0,0,1,6,1,10,505,1,4,10,2
2.01112E+12,1,9,0,5,0,4,0,0,0,0,1,1,6,2,-1,1149,1,6,3,1
2.01112E+12,2,9,0,18,0,0,1,0,0,0,1,1,6,1,6,1242,1,5,4,1
2.01112E+12,1,9,0,18,0,1,1,0,0,0,1,1,6,1,5,1598,1,12,5,1
2.01112E+12,2,5,0,7,0,8,0,0,0,0,4,1,6,2,6,599,1,10,7,1
2.01112E+12,3,9,0,18,0,1,0,0,0,0,2,1,6,1,6,1396,1,13,1,1
2.01112E+12,2,9,0,18,0,1,0,0,7,9,4,1,6,1,7,1242,1,7,10,1
2.01112E+12,1,9,0,18,0,0,0,0,0,0,0,1,6,1,9,1596,1,14,7,1
2.01112E+12,1,9,0,9,0,1,0,0,0,0,1,1,6,1,7,1242,1,12,-1,-1
2.01112E+12,2,3,0,18,0,1,0,0,0,0,4,1,6,1,7,124,1,1,-1,-1
2.01112E+12,2,9,0,3,0,1,0,0,0,0,2,1,6,2,9,1229,1,4,10,1
2.01112E+12,1,9,0,18,0,1,0,0,0,0,1,1,6,2,5,1229,1,5,-1,-1
2.01112E+12,1,9,0,9,0,8,0,0,0,0,1,1,6,1,11,1398,1,4,2,1
2.01112E+12,1,9,0,18,0,0,0,0,0,0,1,1,6,1,5,1124,1,15,8,1
2.01112E+12,2,9,0,18,0,1,0,0,0,0,1,1,6,2,4,1360,1,4,9,1
2.01112E+12,1,9,0,18,0,0,0,0,0,0,2,1,6,2,7,1396,1,4,10,3
2.01112E+12,2,9,0,10,0,8,0,0,0,0,2,1,6,2,7,998,1,9,6,1
2.01112E+12,1,9,0,18,0,1,0,0,0,0,3,1,6,1,8,1149,1,1,2,1
2.01112E+12,1,9,0,16,0,0,0,0,1,1,3,1,6,1,4,1364,1,4,5,3
2.01112E+12,1,3,0,16,0,1,1,0,0,0,3,1,6,1,6,125,1,6,8,3
2.01112E+12,1,9,0,9,0,5,0,0,0,0,1,1,6,1,5,4196,1,4,10,1
2.01112E+12,1,9,0,17,0,1,1,0,7,4,3,1,6,1,6,2295,1,14,5,1
2.01112E+12,1,9,0,5,5,6,0,0,0,0,4,1,6,2,6,1391,1,11,-1,-1
2.01112E+12,1,9,0,7,0,1,0,0,0,0,1,1,6,1,7,1587,1,4,-1,-1
2.01112E+12,1,9,0,9,0,3,0,0,0,0,0,1,6,1,8,1596,1,5,6,1
2.01112E+12,2,2,0,18,0,3,0,0,0,0,0,1,6,1,4,49,1,4,1,1
2.01112E+12,2,9,0,18,0,1,0,0,0,0,1,1,6,1,9,1240,1,8,7,1
2.01112E+12,2,9,0,9,0,0,0,0,7,0,3,1,6,2,8,1332,1,15,3,1
2.01112E+12,3,9,0,3,0,0,0,0,0,0,1,1,6,2,7,1587,1,6,6,1
2.01112E+12,1,9,0,18,0,0,0,0,0,0,4,1,6,1,5,1124,1,9,9,1
2.01112E+12,1,9,0,4,0,0,1,0,0,0,1,1,6,2,6,1389,1,14,1,1
2.01112E+12,1,9,0,17,0,1,0,0,0,0,4,1,6,2,7,1598,1,14,-1,-1
2.01112E+12,2,9,0,9,0,1,0,0,0,0,1,1,6,1,11,1396,1,9,-1,-1
2.01112E+12,1,9,0,18,0,1,0,0,1,9,1,1,6,2,8,1597,1,15,8,2
2.01112E+12,1,9,0,14,0,0,5,0,0,0,1,1,6,2,5,1598,1,8,5,1
2.01112E+12,3,9,0,2,0,0,0,0,0,0,2,1,6,2,7,1390,1,5,10,3
2.01112E+12,1,9,0,18,0,3,0,0,0,0,1,1,6,1,6,1598,1,9,9,1
2.01112E+12,2,2,0,18,0,4,0,0,0,0,3,1,6,1,4,49,1,1,6,1
2.01112E+12,1,9,0,5,0,0,0,0,0,9,1,1,6,1,11,1389,1,7,-1,-1
2.01112E+12,2,9,0,18,0,0,2,0,1,9,2,1,6,1,7,1794,1,9,6,1
2.01112E+12,1,5,0,8,0,0,0,0,0,0,1,1,6,2,7,249,1,28,9,1
2.01112E+12,2,4,0,8,0,0,0,0,0,0,2,1,6,2,8,903,1,1,10,1
2.01112E+12,1,9,0,18,0,1,0,0,0,0,1,1,6,1,8,1798,1,6,5,3
2.01112E+12,1,9,0,11,0,0,0,0,1,0,1,1,6,1,4,1149,1,3,9,1
2.01112E+12,2,9,0,4,0,1,0,0,0,0,1,1,6,1,6,1389,1,8,10,1
2.01112E+12,1,9,0,9,2,8,0,0,0,0,4,1,6,2,10,1587,1,9,10,1
2.01112E+12,1,9,0,7,0,8,0,0,0,0,4,1,6,2,6,1598,1,7,6,1
2.01112E+12,1,9,0,16,0,0,1,0,0,0,1,1,6,2,8,1149,1,1,9,2
2.01112E+12,2,9,0,17,0,0,0,0,0,0,1,1,6,1,7,1798,1,6,10,2
2.01112E+12,1,9,0,18,0,0,0,0,0,0,4,1,6,2,9,1360,1,13,7,2
2.01112E+12,2,9,0,18,0,4,0,0,0,0,2,1,6,1,7,1598,1,6,10,2
2.01112E+12,1,9,0,7,0,1,0,0,0,0,1,1,6,1,11,1596,1,4,9,1
2.01112E+12,1,9,0,18,0,0,0,0,0,0,1,1,6,1,5,1796,1,-1,2,1
2.01112E+12,2,2,0,18,0,0,1,0,0,0,1,1,6,1,4,49,1,1,-1,-1
2.01112E+12,1,9,0,3,0,0,0,0,0,0,0,1,6,1,4,998,1,9,8,1
2.01112E+12,1,9,0,5,0,1,0,0,0,0,1,1,6,2,8,1999,1,6,9,1
2.01112E+12,2,8,0,5,0,1,0,0,0,0,2,1,6,1,8,1794,1,6,2,1
2.01112E+12,2,9,0,5,0,3,0,0,0,0,2,1,6,1,8,1984,1,3,-1,-1
2.01112E+12,1,9,0,9,0,5,0,0,0,0,4,1,6,2,6,1149,1,1,3,1
2.01112E+12,2,5,0,18,0,1,0,0,0,0,1,1,6,1,7,929,1,10,9,1
2.01112E+12,2,4,0,18,0,1,0,0,0,0,1,1,6,1,5,599,1,16,9,1
2.01112E+12,1,9,0,3,4,1,0,0,0,0,1,1,6,1,6,1598,1,11,7,1
2.01112E+12,1,3,0,18,0,1,1,0,0,0,0,1,6,1,4,124,1,2,3,1
2.01112E+12,1,9,0,18,0,0,0,0,0,0,1,1,6,2,7,1341,1,8,6,1
2.01112E+12,1,9,0,18,0,4,0,0,0,0,1,1,6,1,11,1229,1,4,7,1
2.01112E+12,1,9,0,18,0,0,1,0,5,6,1,1,6,2,5,1364,1,2,4,1
2.01112E+12,1,2,0,18,0,8,0,0,0,0,1,1,6,1,6,49,1,1,10,1
2.01112E+12,2,9,0,10,0,0,0,0,0,0,1,1,6,1,9,1598,1,9,8,1
2.01112E+12,1,9,0,3,0,1,0,0,0,0,4,1,6,2,9,1396,1,14,7,1
2.01112E+12,2,9,0,4,0,0,0,0,0,0,2,1,6,2,4,1198,1,4,-1,-1
2.01112E+12,4,9,0,18,0,0,0,0,0,0,2,1,6,1,6,1596,1,7,-1,-1
2.01112E+12,1,5,0,18,0,1,0,0,0,0,1,1,6,1,10,1130,1,7,8,3
2.01112E+12,3,9,0,9,0,8,0,0,0,0,1,1,6,1,4,1596,1,7,4,1
2.01112E+12,1,9,0,18,0,1,1,0,0,0,1,1,6,1,8,1364,1,6,-1,-1
2.01112E+12,2,9,0,18,0,1,0,0,0,0,2,1,6,1,8,1999,1,10,-1,2
2.01112E+12,3,9,0,18,0,1,0,0,0,0,2,1,6,2,8,1598,1,-1,-1,-1
2.01112E+12,4,9,0,10,0,1,0,0,0,0,0,1,6,1,6,4282,1,5,8,3
2.01112E+12,1,9,0,18,0,0,0,0,0,0,1,1,6,2,5,1598,1,9,6,1
2.01112E+12,2,9,0,3,0,0,0,0,0,0,2,1,6,2,7,1796,1,6,9,1
2.01112E+12,3,9,0,3,0,0,0,0,0,0,2,1,6,2,6,1149,1,10,4,1
2.01112E+12,2,9,0,18,0,8,0,0,0,0,4,1,6,1,6,1242,1,6,-1,-1
2.01112E+12,1,9,0,5,0,4,0,0,0,0,1,1,6,2,10,1364,1,3,7,3
2.01112E+12,1,9,0,4,0,0,1,0,0,0,2,1,6,1,4,998,1,9,6,3
2.01112E+12,1,5,0,18,0,0,0,0,0,0,0,1,6,1,7,1170,1,2,-1,-1
2.01112E+12,2,9,0,10,0,1,0,0,0,0,4,1,6,2,10,1149,1,9,5,1
2.01112E+12,1,2,0,18,0,2,1,0,0,0,4,1,6,2,4,49,1,5,7,3
2.01112E+12,1,9,0,3,0,0,0,0,0,0,0,1,6,2,7,998,1,5,8,1
2.01112E+12,1,9,0,14,0,0,0,0,0,0,4,1,6,1,5,1229,1,5,2,1
2.01112E+12,2,9,0,17,0,0,0,0,0,0,1,1,6,2,8,1598,1,6,8,1
2.01112E+12,1,2,0,15,0,0,0,0,0,0,3,1,6,1,4,49,1,2,-1,-1
2.01112E+12,2,9,0,7,0,0,0,0,0,0,4,1,6,1,8,1242,1,1,-1,-1
2.01112E+12,1,9,0,18,0,4,0,0,0,0,1,1,6,2,8,1397,1,4,10,1
2.01112E+12,1,8,0,18,0,0,0,0,0,0,4,1,6,1,6,1388,1,8,5,1
2.01112E+12,1,9,0,18,0,0,0,0,0,3,3,1,6,1,5,1396,1,11,2,1
2.01112E+12,2,9,0,18,0,0,0,0,0,4,4,1,6,1,5,2171,1,7,9,1
2.01112E+12,1,9,0,4,0,0,0,0,0,0,4,1,6,1,9,1149,1,5,8,2
2.01112E+12,2,9,0,3,0,8,0,0,0,0,2,1,6,2,7,1598,1,4,6,3
2.01112E+12,3,9,0,3,0,8,0,0,0,0,2,1,6,2,7,1299,1,4,9,1
2.01112E+12,1,9,0,17,0,0,0,0,1,10,1,1,6,1,6,1199,1,10,-1,-1
2.01112E+12,3,9,0,18,0,0,0,0,1,0,1,1,6,1,9,1596,1,1,-1,-1
2.01112E+12,1,9,0,7,0,1,0,0,0,0,1,1,6,1,7,1598,1,9,2,1
2.01112E+12,1,9,0,10,0,1,0,0,0,0,3,1,6,2,5,1388,1,9,6,1
2.01112E+12,2,5,0,18,0,1,0,0,0,0,1,1,6,1,6,599,1,11,6,1
2.01112E+12,2,9,0,7,0,8,0,0,0,0,4,1,6,2,-1,1998,1,10,-1,-1
2.01112E+12,1,9,0,9,0,8,0,0,0,0,3,1,6,2,9,1587,1,11,-1,-1
2.01112E+12,2,9,0,18,0,8,0,0,0,0,1,1,6,1,7,1796,1,6,-1,-1
2.01112E+12,1,9,0,9,0,1,0,0,0,0,1,1,6,2,-1,1998,1,8,10,2
2.01112E+12,2,9,0,18,0,1,0,0,0,0,2,1,6,1,6,1749,1,7,10,1
2.01112E+12,1,9,0,4,0,0,0,0,0,0,2,1,6,1,6,1598,1,12,8,2
2.01112E+12,2,9,0,18,0,0,0,0,0,0,1,1,6,2,6,1598,1,7,7,1
2.01112E+12,2,9,0,18,0,0,0,0,0,0,0,1,6,2,8,998,1,4,-1,-1
2.01112E+12,1,9,0,18,0,0,0,0,1,0,1,1,6,1,7,2198,1,8,7,1
2.01112E+12,1,9,0,9,0,8,0,0,7,9,3,1,6,1,10,1796,1,7,10,1
2.01112E+12,2,9,0,18,0,8,0,0,0,0,1,1,6,1,6,2616,1,5,6,3
2.01112E+12,1,9,0,18,0,0,0,0,0,0,4,1,6,1,11,1991,1,14,3,1
2.01112E+12,1,9,0,17,0,0,0,0,0,0,1,1,6,2,9,1229,1,6,10,2
2.01112E+12,1,9,0,9,0,7,0,0,0,0,3,1,6,1,4,1587,1,11,2,1
2.01112E+12,2,2,0,13,0,1,0,0,0,0,1,1,6,1,4,49,1,8,2,1
2.01112E+12,1,9,0,18,0,0,0,0,0,0,3,1,6,1,8,1798,1,1,10,2
2.01112E+12,1,9,0,3,0,1,0,0,0,0,2,1,6,2,6,1124,1,6,9,1
2.01112E+12,1,9,0,9,0,8,0,0,0,0,3,1,6,2,10,1242,1,1,10,2
2.01112E+12,2,9,0,18,0,1,0,0,1,10,1,1,6,2,8,1061,1,5,10,2
2.01112E+12,1,9,0,18,0,0,0,0,0,0,3,1,6,1,8,1598,1,8,10,1
2.01112E+12,1,9,0,18,0,0,1,0,1,10,1,1,6,1,4,1124,1,10,8,2
2.01112E+12,2,9,0,2,0,0,0,0,0,0,3,1,6,2,5,1242,1,2,8,2
2.01112E+12,3,9,0,2,0,0,0,0,0,0,3,1,6,1,8,998,1,9,8,2
2.01112E+12,1,9,0,9,0,8,0,0,0,0,0,1,6,1,-1,1388,1,7,2,1
2.01112E+12,2,9,0,18,0,1,0,0,0,0,2,1,6,2,9,998,1,-1,3,1
2.01112E+12,1,5,0,13,0,0,1,0,0,0,0,1,6,1,7,598,1,21,7,3
2.01112E+12,1,9,0,9,0,4,0,0,0,0,1,1,6,2,10,1596,1,14,9,1
2.01112E+12,1,9,0,18,0,1,0,0,0,0,1,1,6,2,5,1149,1,4,8,2
2.01112E+12,2,9,0,3,0,1,0,0,0,0,2,1,6,1,6,1242,1,13,10,3
2.01112E+12,1,9,0,4,0,1,0,0,0,0,1,1,6,2,8,1783,1,11,10,3
2.01112E+12,1,2,0,18,0,4,0,0,0,0,0,1,6,1,4,49,1,3,-1,-1
2.01112E+12,1,9,0,18,0,0,5,0,1,1,4,1,6,1,4,1769,1,8,-1,-1
2.01112E+12,1,9,0,3,0,0,0,0,0,0,2,1,6,1,6,1995,1,8,-1,-1
2.01112E+12,2,9,0,18,0,0,0,0,0,0,1,1,6,1,8,3498,1,5,5,1
2.01112E+12,2,3,0,14,0,1,0,0,0,0,4,1,6,1,9,124,1,-1,-1,-1
2.01112E+12,1,9,0,18,0,0,0,0,0,0,1,1,6,1,9,1798,1,8,10,1
2.01112E+12,3,9,0,4,0,0,0,0,0,0,2,1,6,1,7,1598,1,-1,10,1
2.01112E+12,1,9,0,3,0,1,0,0,0,0,1,1,6,2,5,1360,1,5,5,1
2.01112E+12,3,9,0,10,0,2,0,0,0,0,2,1,6,2,7,998,1,2,9,1
2.01112E+12,1,2,0,18,0,0,0,0,0,0,1,1,6,1,4,49,1,-1,-1,-1
2.01112E+12,2,9,0,18,0,0,0,0,0,0,1,1,6,2,6,1242,1,10,8,1
2.01112E+12,2,3,0,7,0,6,0,0,0,0,1,1,6,1,6,125,1,-1,-1,-1
2.01112E+12,1,9,0,18,0,0,0,0,0,0,1,1,6,1,4,1397,1,10,2,1
2.01112E+12,1,9,0,18,0,1,0,0,0,0,1,1,6,2,11,1323,1,10,8,1
2.01112E+12,1,5,0,13,0,1,2,7,1,0,1,1,6,1,6,750,1,-1,8,2
2.01112E+12,1,9,0,9,0,6,0,0,0,0,3,1,6,2,9,1396,1,14,8,1
2.01112E+12,1,9,0,7,0,1,0,0,0,0,1,1,6,2,4,1598,1,3,2,1
2.01112E+12,1,9,0,10,0,5,0,0,0,0,2,1,6,1,4,1240,1,7,-1,-1
2.01112E+12,2,2,0,18,0,1,1,0,0,0,1,1,6,1,4,49,1,1,-1,-1
2.01112E+12,1,9,0,17,0,8,1,0,4,7,1,1,6,2,7,1396,1,9,9,1
2.01112E+12,1,9,0,16,0,0,5,0,2,4,1,1,6,1,7,2198,1,7,9,3
2.01112E+12,1,9,0,18,0,0,0,0,0,0,0,1,6,2,7,1341,1,12,6,1
2.01112E+12,1,9,0,6,0,0,0,0,0,0,3,1,6,2,5,1299,1,13,9,1
2.01112E+12,2,9,0,18,0,0,0,0,0,0,1,1,6,2,9,1397,1,1,6,1
2.01112E+12,2,2,0,18,0,8,0,0,0,0,1,1,6,1,4,50,1,4,10,1
2.01112E+12,2,2,0,18,0,1,0,0,0,0,1,1,6,1,8,96,1,4,-1,-1
2.01112E+12,1,9,0,9,0,6,0,0,0,0,1,1,6,2,9,1390,1,6,10,1
2.01112E+12,2,4,0,18,0,2,0,0,0,0,4,1,6,1,7,865,1,-1,4,1
2.01112E+12,1,9,0,9,0,6,0,0,0,0,1,1,6,2,11,998,1,11,9,3
2.01112E+12,2,9,0,18,0,8,0,0,0,0,4,1,6,1,4,1199,1,8,10,1
2.01112E+12,3,9,0,18,0,8,0,0,0,0,1,1,6,2,7,1296,1,3,10,1
2.01112E+12,1,2,0,18,0,0,1,0,0,0,4,1,6,1,7,49,1,10,10,2
2.01112E+12,1,5,0,18,9,0,0,0,1,10,1,1,6,1,7,599,1,15,-1,-1
2.01112E+12,1,9,0,18,0,0,0,0,1,0,1,1,6,1,11,1242,1,2,8,3
2.01112E+12,1,9,0,18,0,0,0,0,1,2,1,1,6,2,10,1390,1,5,6,1
2.01112E+12,2,9,0,17,0,0,0,0,0,0,1,1,6,2,10,1396,1,7,8,2
2.01112E+12,1,9,0,18,0,1,0,0,0,0,3,1,6,1,8,2198,1,8,7,1
2.01112E+12,2,9,0,4,0,0,1,7,4,0,2,1,6,1,5,1360,1,11,-1,-1
2.01112E+12,1,9,0,18,0,0,0,0,0,0,1,1,6,1,5,1199,1,9,7,3
2.01112E+12,2,9,0,4,0,0,0,0,0,0,2,1,6,2,7,1796,1,9,6,1
2.01112E+12,2,9,0,18,0,1,0,0,0,0,1,1,6,1,6,1587,1,6,7,1
2.01112E+12,1,9,0,7,0,1,0,0,0,0,0,1,6,2,8,1598,1,5,3,1
2.01112E+12,1,9,0,9,0,6,0,0,0,0,1,1,6,1,5,1598,1,12,3,1
2.01112E+12,1,9,0,17,0,0,2,0,1,9,0,1,6,2,9,998,1,10,8,3
2.01112E+12,1,8,0,18,0,4,0,0,0,0,1,1,6,2,8,1798,1,7,7,1
2.01112E+12,2,9,0,18,0,4,0,0,0,0,2,1,6,2,9,1390,1,1,7,3
2.01112E+12,1,9,0,2,0,0,0,0,0,0,2,1,6,1,7,2497,1,11,9,2
2.01112E+12,1,9,0,18,0,2,0,0,0,0,1,1,6,2,8,1400,1,11,5,1
2.01112E+12,1,9,0,7,0,1,0,0,0,0,4,1,6,1,7,1598,1,4,9,1
2.01112E+12,1,9,0,14,0,0,0,0,0,0,3,1,6,2,7,796,1,11,9,1
2.01112E+12,2,5,0,14,0,0,0,0,0,0,1,1,6,1,7,600,1,11,10,1
2.01112E+12,1,2,0,18,0,0,0,0,0,0,0,1,6,1,4,124,1,9,9,1
2.01112E+12,1,9,0,18,0,0,2,0,1,0,0,1,6,1,8,1796,1,10,8,3
2.01112E+12,2,9,0,3,0,1,0,0,0,0,1,1,6,1,11,1988,1,13,3,1
2.01112E+12,1,9,0,9,0,4,0,0,0,0,4,1,6,1,8,1999,1,8,4,1
2.01112E+12,2,9,0,18,0,4,0,0,0,0,1,1,6,2,4,1799,1,13,3,1
2.01112E+12,1,9,0,18,0,4,0,0,0,0,1,1,6,2,5,1229,1,1,8,1
2.01112E+12,3,9,0,2,0,2,0,0,1,0,0,1,6,3,11,1299,1,11,-1,-1
2.01212E+12,1,2,0,18,0,0,1,0,0,0,4,1,1,1,4,50,1,1,9,1
2.01212E+12,1,9,0,18,0,8,0,0,0,0,0,1,6,2,4,1199,1,11,3,1
2.01212E+12,1,9,0,4,0,0,0,0,0,0,2,1,6,1,10,1398,1,6,8,3
2.01212E+12,2,9,0,18,0,0,0,0,0,0,1,1,6,1,5,1794,1,9,10,1
2.01212E+12,1,5,0,13,0,8,0,0,0,0,1,1,6,1,8,998,1,4,4,1
2.01212E+12,1,9,0,7,0,1,0,0,0,0,2,1,6,2,5,1360,1,14,3,1
2.01212E+12,1,9,0,3,0,8,0,0,0,0,1,1,1,1,7,1598,1,1,7,1
2.01212E+12,1,9,0,1,0,6,0,0,0,0,2,1,6,1,5,1798,1,6,4,1
2.01212E+12,1,9,0,18,0,1,0,0,0,0,1,1,3,2,7,1242,1,15,3,1
2.01212E+12,2,9,0,18,0,8,0,0,0,0,1,1,5,1,5,1596,1,8,9,1
2.01212E+12,1,9,0,3,0,0,0,0,0,0,2,1,5,1,7,993,1,11,5,1
2.01212E+12,2,9,0,3,0,0,0,0,0,0,1,1,5,1,5,1999,1,5,10,2
2.01212E+12,2,4,0,18,0,1,0,0,0,0,1,1,5,1,4,125,1,12,-1,-1
2.01212E+12,2,9,0,4,0,0,0,0,0,0,2,1,6,1,4,1796,1,9,-1,-1
2.01212E+12,1,9,0,18,0,0,0,0,0,0,1,1,5,2,7,1124,1,15,6,1
2.01212E+12,2,9,0,18,0,0,0,0,0,0,2,1,5,2,5,1595,1,13,3,2
2.01212E+12,3,9,0,18,0,0,0,0,0,0,2,1,5,1,7,1997,1,6,8,3
2.01212E+12,2,9,0,13,0,0,0,0,0,0,3,1,1,2,9,1587,1,10,-1,-1
2.01212E+12,1,2,0,18,0,0,0,0,0,0,0,1,1,2,7,49,1,1,6,1
2.01212E+12,2,9,0,18,9,0,1,4,0,0,4,1,1,1,4,1390,1,6,8,3
2.01212E+12,3,9,0,2,0,0,0,0,0,0,3,1,5,2,5,1199,1,12,6,1
2.01212E+12,1,9,0,18,0,0,0,0,0,0,1,1,5,1,5,1242,1,8,7,1
2.01212E+12,1,9,0,18,0,8,0,0,0,0,1,1,6,1,8,1598,1,5,3,1
2.01212E+12,1,9,0,18,0,1,0,0,0,0,1,1,6,1,8,875,1,1,8,3
2.01212E+12,2,9,0,5,0,0,0,0,0,0,0,1,6,2,6,1199,1,11,6,3
2.01212E+12,1,2,0,18,0,1,1,0,0,0,3,1,2,2,6,124,1,3,10,1
2.01212E+12,1,9,0,17,0,1,0,0,1,2,1,1,5,2,8,1124,1,6,-1,-1
2.01212E+12,1,4,0,18,0,0,0,0,0,0,0,1,6,1,4,124,1,4,2,1
2.01212E+12,1,9,0,9,0,6,0,0,0,0,1,1,6,2,5,1240,1,6,8,3
2.01212E+12,1,9,0,18,0,8,0,0,0,0,1,1,5,2,9,998,1,5,5,1
2.01212E+12,1,9,0,18,0,0,0,0,0,0,2,1,5,1,6,973,1,12,6,1
2.01212E+12,2,2,0,18,0,0,0,0,0,0,1,1,5,1,4,49,1,3,5,1
2.01212E+12,1,9,0,18,0,4,0,0,0,0,1,1,6,1,7,1598,1,12,2,1
2.01212E+12,2,9,0,3,0,0,0,0,0,0,1,1,5,1,6,1598,1,9,7,1
2.01212E+12,1,9,0,9,0,8,0,0,0,0,3,1,5,1,11,2496,1,5,10,2
2.01212E+12,2,9,0,18,0,8,0,0,0,0,1,1,5,1,4,973,1,11,8,2
2.01212E+12,1,9,0,18,0,1,0,0,0,0,1,1,5,2,5,1299,1,13,7,1
2.01212E+12,1,9,0,18,0,1,0,0,0,0,1,1,2,1,8,1598,1,7,3,1
2.01212E+12,1,9,0,18,0,0,0,0,0,0,0,1,5,2,7,973,1,14,6,1
2.01212E+12,1,9,0,10,0,4,0,0,0,0,4,1,5,2,9,1998,1,6,7,1
2.01212E+12,2,5,0,18,0,1,0,0,0,0,1,1,5,1,8,599,1,11,9,3
2.01212E+12,1,9,0,18,0,8,0,0,0,0,1,1,6,1,6,1296,1,5,4,1
2.01212E+12,1,9,0,7,0,6,0,0,0,0,1,1,3,2,7,1596,1,9,9,2
2.01212E+12,1,2,0,9,0,8,0,0,0,0,3,1,6,1,4,49,1,1,7,1
2.01212E+12,2,9,0,18,0,8,0,0,0,0,1,1,6,1,9,1389,1,17,7,1
2.01212E+12,1,9,0,5,0,8,0,0,0,0,1,1,5,1,11,973,1,14,9,1
2.01212E+12,2,2,0,18,0,1,0,0,0,0,4,1,5,1,4,49,1,12,6,1
2.01212E+12,2,9,0,3,0,2,0,0,0,0,0,1,5,2,7,1587,1,7,8,1
2.01212E+12,1,9,0,18,0,0,0,0,0,0,1,1,5,1,9,1998,1,10,-1,-1
2.01212E+12,1,9,0,9,0,1,0,0,0,0,1,1,5,2,4,1360,1,5,9,1
2.01212E+12,2,9,0,18,0,1,0,0,0,0,4,1,5,1,8,1242,1,4,2,1
2.01212E+12,1,9,0,18,0,0,0,0,0,0,1,1,5,1,4,998,1,12,10,3
2.01212E+12,1,3,0,9,0,6,0,0,0,0,1,1,5,1,4,124,1,3,5,1
2.01212E+12,1,9,0,3,0,1,0,0,0,0,3,1,1,1,5,1679,1,12,8,1
2.01212E+12,1,9,0,7,0,8,0,0,0,0,2,1,5,2,5,1598,1,10,3,1
2.01212E+12,1,9,0,13,0,1,0,0,0,0,1,1,5,2,10,1398,1,1,-1,-1
2.01212E+12,2,9,0,8,0,1,0,0,0,0,1,1,1,2,9,1329,1,1,10,1
2.01212E+12,1,9,0,18,0,1,0,0,1,0,3,1,1,1,6,1108,1,12,9,1
2.01212E+12,2,9,0,9,0,2,0,0,1,0,1,1,5,1,4,1198,1,6,2,1
2.01212E+12,2,9,0,18,0,0,0,0,0,0,3,1,5,1,9,1389,1,15,10,1
2.01212E+12,1,9,0,18,0,0,0,0,0,0,1,1,5,2,8,1339,1,1,6,2
2.01212E+12,2,9,0,10,0,0,0,0,0,0,2,1,4,2,10,1598,1,1,-1,-1
2.01212E+12,1,9,0,3,0,0,0,0,0,0,1,1,5,2,8,1390,1,7,7,1
2.01212E+12,2,3,0,3,0,0,0,0,0,0,2,1,5,1,4,124,1,23,3,1
2.01212E+12,1,9,0,18,0,4,0,0,0,0,2,1,5,2,6,1396,1,11,8,1
2.01212E+12,2,9,0,18,0,4,0,0,0,0,1,1,5,1,8,1242,1,11,5,1
2.01212E+12,1,9,0,3,0,0,0,0,0,0,1,1,5,2,6,1598,1,12,-1,-1
2.01212E+12,1,9,0,18,0,4,0,0,0,0,1,1,1,2,7,1587,1,7,8,1
2.01212E+12,1,9,0,18,0,4,0,0,0,0,2,1,1,1,7,1587,1,7,2,1
2.01212E+12,2,9,0,18,0,4,0,0,0,0,1,1,5,1,8,1798,1,11,2,1
2.01212E+12,2,9,0,18,0,0,0,0,0,0,1,1,6,2,6,1587,1,7,10,1
2.01212E+12,1,3,0,18,0,0,0,0,0,0,1,1,5,1,6,100,1,8,2,1
2.01212E+12,2,9,0,4,0,4,0,0,0,0,1,1,6,2,11,1242,1,10,10,2
2.01212E+12,1,2,0,18,0,0,1,0,0,0,0,1,2,2,6,49,1,3,4,1
2.01212E+12,1,9,0,4,0,2,0,0,0,0,1,1,2,2,10,1398,1,4,10,2
2.01212E+12,2,9,0,3,0,2,0,0,0,0,2,1,1,2,5,998,1,15,9,1
2.01212E+12,4,9,0,2,0,0,0,0,0,0,1,1,6,1,7,1769,1,9,-1,-1
2.01212E+12,1,9,0,4,0,8,0,0,0,0,1,1,6,2,9,1796,1,4,8,2
2.01212E+12,1,9,0,18,0,0,0,0,0,0,1,1,2,1,6,1796,1,11,1,1