Acc_Index,Vehicle_Reference,Vehicle_Type,Towing_and_Articulation,Vehicle_Manoeuvre,Vehicle_Location-Restricted_Lane,Junction_Location,Skidding_and_Overturning,Hit_Object_in_Carriageway,Vehicle_Leaving_Carriageway,Hit_Object_off_Carriageway,1st_Point_of_Impact,Was_Vehicle_Left_Hand_Drive?,Journey_Purpose_of_Driver,Sex_of_Driver,Age_Band_of_Driver,Engine_Capacity_(CC),Propulsion_Code,Age_of_Vehicle,Driver_IMD_Decile,Driver_Home_Area_Type
2.01212E+12,1,9,0,18,0,0,0,0,0,0,1,1,5,1,4,1124,1,10,10,3
2.01212E+12,1,9,0,7,0,8,0,0,0,0,4,1,2,2,6,1598,1,5,5,1
2.01212E+12,1,9,0,3,0,1,0,0,0,0,1,1,6,1,11,1795,1,13,-1,-1
2.01212E+12,2,4,0,18,0,0,0,0,0,0,2,1,6,1,10,249,1,7,6,1
2.01212E+12,1,5,0,9,0,6,0,0,3,10,1,1,5,2,7,649,1,3,-1,-1
2.01212E+12,2,9,0,18,0,0,0,0,0,0,1,1,5,1,5,1199,1,9,10,1
2.01212E+12,1,9,0,9,0,6,0,0,0,0,1,1,2,1,6,973,1,11,-1,-1
2.01212E+12,1,9,0,4,0,0,0,0,0,0,1,1,5,1,6,1590,1,13,4,1
2.01212E+12,2,9,0,4,0,0,0,0,0,0,2,1,5,2,8,1796,1,11,10,3
2.01212E+12,2,9,0,8,0,1,0,0,0,0,1,1,5,2,8,1389,1,14,3,1
2.01212E+12,1,9,0,17,0,0,2,0,1,9,4,1,5,1,9,1598,1,10,9,1
2.01212E+12,2,9,0,2,0,0,0,0,0,0,2,1,5,2,8,1587,1,14,7,1
2.01212E+12,1,4,0,7,0,3,0,0,0,0,1,1,1,1,6,124,1,3,10,2
2.01212E+12,1,9,0,1,9,0,0,0,0,0,2,1,5,1,7,1796,1,9,6,1
2.01212E+12,1,9,0,1,0,0,0,0,0,0,2,1,5,2,4,1149,1,9,10,1
2.01212E+12,1,2,0,3,0,4,0,0,0,0,2,1,2,2,4,49,1,-1,7,3
2.01212E+12,2,9,0,3,0,0,0,0,0,0,2,1,5,1,5,1199,1,10,-1,-1
2.01212E+12,1,5,0,18,0,0,1,0,0,0,3,1,6,1,8,781,1,11,9,1
2.01212E+12,2,9,0,9,0,6,0,0,0,0,1,1,6,1,8,1360,1,8,8,1
2.01212E+12,1,9,0,18,0,0,0,0,0,0,1,1,5,2,5,1299,1,15,8,1
2.01212E+12,1,9,0,7,0,2,0,0,0,0,1,1,1,2,7,998,1,5,6,1
2.01212E+12,1,9,0,9,0,6,0,0,0,0,3,1,2,2,5,1242,1,11,7,1
2.01212E+12,2,9,0,18,0,8,0,0,0,0,1,1,2,1,8,1590,1,9,8,2
2.01212E+12,1,9,0,9,0,5,0,0,0,0,1,1,5,1,7,2435,1,11,9,1
2.01212E+12,1,9,0,4,0,0,0,0,2,7,3,1,6,2,8,1360,1,9,5,1
2.01212E+12,1,9,0,17,0,0,1,0,1,7,3,1,1,2,7,1198,1,7,7,1
2.01212E+12,1,9,0,10,0,1,0,0,0,0,2,1,1,2,6,1242,1,11,7,1
2.01212E+12,2,9,0,18,0,1,0,0,0,0,1,1,1,2,5,1086,1,6,8,1
2.01212E+12,1,9,0,18,0,2,0,0,0,0,1,1,5,2,6,1781,1,17,5,1
2.01212E+12,2,9,0,9,0,6,0,0,0,0,3,1,6,2,9,1199,1,12,7,1
2.01212E+12,2,9,0,18,0,1,0,0,0,0,1,1,5,1,7,1598,1,5,9,1
2.01212E+12,1,97,0,18,0,0,1,10,1,2,4,1,5,1,4,50,1,1,8,3
2.01212E+12,1,9,0,9,0,5,0,0,0,0,1,1,5,2,4,1390,1,5,2,1
2.01212E+12,1,3,0,7,0,5,1,0,0,0,4,1,2,1,6,125,1,8,4,1
2.01212E+12,1,9,0,5,8,6,0,0,0,0,3,1,5,2,8,1984,1,-1,-1,-1
2.01212E+12,2,9,0,18,0,1,0,0,7,4,4,1,6,2,8,3189,1,4,8,3
2.01212E+12,1,9,0,3,0,1,0,0,0,0,2,1,6,1,7,1598,1,4,8,1
2.01212E+12,2,9,0,4,0,0,0,0,0,0,2,1,5,2,8,1229,1,5,8,2
2.01212E+12,1,9,0,18,0,0,0,0,0,0,0,1,6,1,6,1229,1,6,8,1
2.01212E+12,2,9,0,18,0,0,5,0,1,9,0,1,6,1,6,1124,1,12,7,2
2.01212E+12,1,9,0,3,0,4,0,0,0,0,2,1,6,2,9,1598,1,9,8,1
2.01212E+12,3,9,0,2,6,0,0,0,0,0,2,1,5,3,-1,998,1,1,-1,-1
2.01212E+12,4,9,0,18,0,2,0,0,1,0,3,1,5,1,10,1390,1,4,10,1
2.01212E+12,1,9,0,9,0,5,0,0,0,0,1,1,6,1,8,1999,1,6,10,1
2.01212E+12,1,9,0,18,0,0,0,0,0,0,1,1,6,1,11,1596,1,1,9,2
2.01212E+12,2,9,0,2,0,0,0,0,0,0,2,1,5,3,-1,1388,1,11,6,1
2.01212E+12,1,9,0,4,0,1,1,0,0,0,1,1,5,1,5,998,1,4,9,1
2.01212E+12,2,9,0,3,0,1,0,0,0,0,2,1,6,1,9,1598,1,6,9,1
2.01212E+12,3,9,0,3,0,1,0,0,0,0,2,1,6,1,9,998,1,3,9,1
2.01212E+12,1,9,0,7,0,2,0,0,0,0,1,1,6,2,11,1199,1,8,9,1
2.01212E+12,1,9,0,18,0,0,1,0,1,4,3,1,5,1,4,998,1,13,10,1
2.01212E+12,1,9,0,18,0,0,0,0,0,0,1,1,5,1,4,1242,1,12,2,1
2.01212E+12,1,2,0,11,0,0,1,0,0,0,0,1,5,1,9,49,1,2,4,1
2.01212E+12,1,9,0,18,0,0,0,0,0,0,1,1,5,2,11,1598,1,12,9,1
2.01212E+12,1,9,0,18,0,0,0,0,1,9,4,1,5,1,4,1390,1,6,10,1
2.01212E+12,1,9,0,18,0,8,0,0,0,0,2,1,5,2,4,1229,1,7,9,1
2.01212E+12,1,9,0,18,0,4,0,0,0,0,1,1,6,1,4,1390,1,13,3,1
2.01212E+12,2,2,0,2,0,8,0,0,0,0,3,1,6,1,4,50,1,3,10,1
2.01212E+12,1,9,0,18,0,1,0,0,0,0,1,1,5,1,9,1108,1,7,7,3
2.01212E+12,1,9,0,18,0,3,0,0,0,0,0,1,5,2,8,1299,1,9,5,1
2.01212E+12,2,9,0,18,0,3,0,0,0,0,0,1,5,1,6,1796,1,6,6,1
2.01212E+12,1,9,0,2,0,0,0,0,0,0,3,1,1,1,9,1598,1,9,10,1
2.01212E+12,1,9,0,7,0,8,5,0,0,0,1,1,6,1,3,1595,1,12,6,1
2.01212E+12,1,9,0,4,0,0,0,0,0,0,2,1,2,1,6,1229,1,4,10,1
2.01212E+12,1,9,0,3,7,5,0,0,0,0,2,1,5,2,7,1386,1,2,10,1
2.01212E+12,1,9,0,3,0,1,0,0,0,0,1,1,1,2,8,1490,1,5,10,2
2.01212E+12,2,2,0,3,0,1,0,0,0,0,3,1,5,2,9,49,1,2,9,1
2.01212E+12,1,9,0,18,0,8,0,0,0,0,1,1,2,1,6,1598,1,10,1,1
2.01212E+12,2,9,0,9,0,6,0,0,0,0,1,1,6,1,10,1396,1,10,6,1
2.01212E+12,1,9,0,3,0,1,0,0,0,0,2,1,5,2,11,1975,1,9,7,3
2.01212E+12,2,5,0,3,0,2,0,0,0,0,1,1,5,1,9,645,1,3,4,1
2.01212E+12,2,9,0,3,0,0,0,0,0,0,2,1,5,2,7,1598,1,4,-1,-1
2.01212E+12,3,9,0,3,0,0,0,0,0,0,1,1,5,1,7,1389,1,9,9,1
2.01212E+12,4,9,0,3,0,0,0,0,0,0,2,1,5,1,7,1596,1,3,9,1
2.01212E+12,2,9,0,2,0,0,0,0,0,0,0,1,6,3,-1,1364,1,6,-1,-1
2.01212E+12,2,5,0,18,0,1,0,0,0,0,0,1,6,1,7,1450,1,7,10,2
2.01212E+12,1,8,0,5,0,1,0,0,0,0,1,1,5,1,7,1364,1,6,-1,-1
2.01212E+12,1,9,0,18,0,0,0,0,0,0,1,1,5,2,8,1796,1,10,9,2
2.01212E+12,2,9,0,16,0,0,0,0,0,0,1,1,6,3,-1,1596,1,12,-1,-1
2.01212E+12,1,9,0,9,0,8,0,0,0,0,4,1,5,2,8,1397,1,3,7,1
2.01212E+12,2,9,0,18,0,8,0,0,0,0,1,1,5,2,5,6208,1,-1,10,1
2.01212E+12,2,3,0,18,0,1,0,0,0,0,1,1,1,1,4,124,1,10,9,1
2.01212E+12,1,9,0,11,0,0,0,0,0,0,1,1,5,1,9,1769,1,12,-1,-1
2.01212E+12,1,9,0,5,0,0,0,0,0,0,1,1,6,1,5,1388,1,11,-1,-1
2.01212E+12,1,3,0,18,0,4,1,0,0,0,0,1,2,2,8,124,1,8,8,3
2.01212E+12,1,9,0,10,0,1,0,0,0,0,2,1,6,1,5,1399,1,7,9,1
2.01212E+12,2,9,0,3,0,1,0,0,0,0,2,1,6,2,6,973,1,11,10,1
2.01212E+12,3,9,0,18,0,1,0,0,0,0,1,1,6,2,5,1388,1,4,7,1
2.01212E+12,1,9,0,18,0,8,0,0,0,0,3,1,1,1,6,1229,1,5,4,1
2.01212E+12,1,9,0,18,0,0,1,0,1,3,4,1,6,1,4,1781,1,9,4,1
2.01212E+12,1,9,0,17,0,0,0,0,1,2,1,1,6,1,4,1242,1,9,10,1
2.01212E+12,1,9,0,1,6,0,0,0,0,0,2,1,5,1,11,1596,1,11,2,1
2.01212E+12,1,9,0,18,0,0,0,0,0,0,1,1,2,1,8,1368,1,3,4,1
2.01212E+12,3,9,0,18,0,0,0,0,0,0,3,1,6,2,6,1198,1,6,7,2
2.01212E+12,1,9,0,18,0,0,0,0,0,0,2,1,5,2,4,1198,1,3,8,3
2.01212E+12,2,9,0,18,0,0,0,0,0,0,1,1,5,2,7,1242,1,5,9,2
2.01212E+12,1,9,0,9,0,1,0,0,0,0,1,1,5,2,5,1328,1,3,8,3
2.01212E+12,1,9,0,3,0,8,0,0,0,0,4,1,2,2,6,1390,1,3,8,1
2.01212E+12,1,9,0,3,0,1,0,0,0,0,2,1,5,2,8,1997,1,6,8,1
2.01212E+12,1,9,0,18,0,0,0,0,7,9,0,1,6,2,11,1149,1,6,3,1
2.01212E+12,1,5,0,18,0,3,0,0,0,0,1,1,6,1,8,1300,1,10,8,1
2.01212E+12,1,3,0,18,0,0,0,0,0,0,0,1,6,1,5,599,1,4,10,1
2.01212E+12,1,9,0,18,0,0,0,0,0,0,1,1,5,2,10,998,1,11,-1,-1
2.01212E+12,3,9,0,2,0,0,0,0,0,0,2,1,6,1,10,1596,1,6,10,2
2.01212E+12,1,5,0,18,0,0,1,0,1,0,3,1,6,1,7,1352,1,3,9,1
2.01212E+12,3,9,0,3,0,0,0,0,0,0,3,1,6,1,6,1598,1,6,1,1
2.01212E+12,1,9,0,15,0,0,0,0,0,0,1,1,5,2,10,1390,1,2,4,1
2.01212E+12,2,9,0,18,0,0,0,0,0,0,3,1,5,2,5,1198,1,3,9,1
2.01212E+12,3,9,0,2,0,0,0,0,0,0,2,1,6,1,5,1895,1,14,-1,-1
2.01212E+12,1,9,0,18,0,0,0,0,0,0,1,1,6,1,10,2496,1,6,10,1
2.01212E+12,1,9,0,18,0,6,0,0,0,0,1,1,6,1,5,1332,1,14,8,3
2.01212E+12,1,9,0,18,0,0,0,0,0,0,1,1,5,1,9,1840,1,13,6,1
2.01212E+12,2,9,0,3,0,0,0,0,0,0,2,1,5,1,7,1984,1,11,1,1
2.01212E+12,3,9,0,3,0,0,0,0,0,0,2,1,5,2,6,1783,1,10,6,3
2.01212E+12,1,9,0,9,0,2,0,0,0,0,3,1,2,2,7,1598,1,7,8,1
2.01212E+12,1,9,0,4,0,0,0,0,0,0,2,1,6,1,5,1998,1,13,7,1
2.01212E+12,2,9,0,18,0,0,0,0,0,0,1,1,6,1,6,1242,1,9,7,1
2.01212E+12,1,3,0,18,0,8,0,0,0,0,1,1,5,2,9,85,1,11,9,1
2.01212E+12,1,9,0,9,0,6,0,0,0,0,3,1,2,1,5,1598,1,8,9,1
2.01212E+12,1,9,0,7,0,3,0,0,0,0,1,1,1,2,4,1198,1,9,2,1
2.01212E+12,1,9,0,18,0,8,0,0,0,0,3,1,5,1,6,1596,1,5,1,1
2.01212E+12,2,9,0,2,0,0,0,0,0,0,2,1,6,2,8,1769,1,12,6,1
2.01212E+12,1,9,0,2,0,0,0,0,0,0,2,1,5,1,8,2000,1,5,-1,-1
2.01212E+12,1,9,0,17,0,0,1,10,7,7,1,1,6,1,5,1360,1,5,9,1
2.01212E+12,1,9,0,9,0,0,0,0,0,0,2,1,6,2,11,1396,1,9,9,1
2.01212E+12,1,19,0,18,0,2,0,0,0,0,1,1,1,1,6,1296,1,6,10,2
2.01212E+12,1,9,0,18,0,8,0,0,0,0,1,1,2,2,6,1598,1,7,10,1
2.01212E+12,1,9,0,9,0,8,0,0,1,10,4,1,1,2,11,1240,1,5,6,3
2.01212E+12,1,9,0,4,0,8,0,0,0,0,3,1,1,1,7,1796,1,11,3,1
2.01212E+12,2,9,0,4,0,8,0,0,0,0,1,1,1,2,7,1590,1,12,10,1
2.01212E+12,2,9,0,7,0,6,0,0,0,0,1,1,5,2,10,1598,1,3,6,3
2.01212E+12,2,9,0,9,4,6,0,0,0,0,3,1,6,2,5,1200,1,9,7,1
2.01212E+12,1,9,0,3,0,8,0,0,0,0,2,1,1,2,4,1596,1,11,10,1
2.01212E+12,1,9,0,6,0,0,0,0,0,0,3,1,6,2,5,1328,1,5,5,1
2.01212E+12,2,4,0,18,0,0,0,0,0,0,1,1,6,2,8,903,1,2,4,1
2.01212E+12,1,9,0,18,0,8,0,0,0,0,0,1,1,2,7,1997,1,10,10,2
2.01212E+12,2,9,0,18,0,1,0,0,0,0,0,1,1,1,5,1497,1,10,8,3
2.01212E+12,1,9,0,18,0,1,0,0,0,0,4,1,5,2,10,1198,1,5,6,1
2.01212E+12,2,9,0,9,0,1,0,0,0,0,4,1,5,1,7,1999,1,6,8,3
2.01212E+12,1,9,0,4,0,0,0,0,0,0,2,1,6,2,7,1596,1,10,-1,-1
2.01212E+12,2,9,0,3,0,0,0,0,0,0,1,1,6,2,9,1796,1,7,3,1
2.01212E+12,1,9,0,4,0,1,0,0,0,0,2,1,2,2,7,1796,1,8,10,2
2.01212E+12,2,9,0,4,0,1,0,0,0,0,1,1,5,2,6,998,1,-1,9,2
2.01212E+12,3,9,0,4,0,1,0,0,0,0,1,1,3,2,7,1997,1,7,6,1
2.01212E+12,1,9,0,4,0,1,0,0,0,0,0,1,1,1,9,2198,1,8,10,2
2.01212E+12,3,3,0,18,0,1,1,0,0,0,1,1,1,1,4,124,1,1,6,1
2.01212E+12,1,9,0,13,0,0,0,0,7,0,4,1,5,1,10,1275,1,22,3,1
2.01212E+12,2,9,0,13,0,0,0,0,0,0,3,1,6,1,7,1596,1,-1,8,3
2.01212E+12,1,9,0,18,0,0,0,0,0,0,1,1,6,2,7,1108,1,12,10,1
2.01212E+12,1,9,0,9,0,8,0,0,0,0,2,1,6,1,4,973,1,12,8,1
2.01212E+12,1,9,0,18,0,4,0,0,0,0,3,1,5,2,11,996,1,3,5,1
2.01212E+12,1,9,0,7,0,3,0,0,0,0,4,1,1,1,5,1391,1,11,7,3
2.01212E+12,1,9,0,9,0,5,0,0,0,0,4,1,2,2,5,1299,1,11,10,1
2.01212E+12,2,9,0,18,0,0,1,0,8,11,3,1,5,1,4,973,1,11,3,1
2.01212E+12,2,5,0,18,0,1,0,0,0,0,1,1,6,1,8,1170,1,2,5,3
2.01212E+12,1,4,0,18,0,3,0,0,0,0,4,1,2,1,6,125,1,2,2,1
2.01212E+12,2,2,0,18,0,4,0,0,0,0,0,1,5,1,4,49,1,5,10,1
2.01212E+12,2,9,0,4,0,1,0,0,0,0,4,1,5,2,7,1998,1,13,2,1
2.01212E+12,1,9,0,7,0,1,0,0,0,0,1,1,6,2,6,1598,1,5,8,1
2.01212E+12,1,9,0,18,0,8,0,0,0,0,4,1,5,1,-1,2295,1,8,6,3
2.01212E+12,2,9,0,18,0,0,0,11,0,0,1,1,6,1,11,1149,1,11,2,1
2.01212E+12,1,9,0,9,0,1,0,0,0,0,1,1,5,1,6,1796,1,12,3,1
2.01212E+12,1,9,0,18,0,0,0,0,0,0,1,1,2,1,9,1598,1,4,10,2
2.01212E+12,1,3,0,18,0,0,1,10,1,5,1,1,2,1,4,100,1,4,9,3
2.01212E+12,1,9,0,9,0,8,0,0,0,0,1,1,6,2,9,1198,1,3,9,3
2.01212E+12,1,9,0,11,0,1,0,0,0,0,3,1,5,2,5,1497,1,8,6,1
2.01212E+12,2,9,0,10,0,2,0,0,0,0,4,1,5,2,7,1984,1,6,8,1
2.01212E+12,2,9,0,18,0,0,1,0,1,4,1,1,2,1,6,1390,1,8,6,1
2.01212E+12,1,9,0,18,0,8,0,0,0,0,1,1,2,2,7,1149,1,9,2,1
2.01212E+12,1,9,0,3,0,0,0,0,0,0,2,1,2,1,5,1388,1,7,10,1
2.01212E+12,2,9,0,18,0,0,2,0,1,10,1,1,2,1,10,1599,1,10,10,2
2.01212E+12,1,9,0,7,0,8,0,0,0,0,4,1,2,1,6,2996,1,5,8,1
2.01212E+12,1,9,0,18,0,0,0,0,0,0,4,1,1,1,5,1149,1,3,3,1
2.01212E+12,1,9,0,5,0,4,0,0,0,0,3,1,5,1,9,1493,1,14,1,1
2.01212E+12,1,9,0,5,0,0,1,0,1,11,1,1,2,1,4,1400,1,12,3,1
2.01212E+12,1,9,0,8,0,1,0,0,0,0,2,1,5,2,7,998,1,12,7,3
2.01212E+12,1,9,0,9,0,5,0,0,0,0,1,1,1,1,5,1598,1,12,8,1
2.01212E+12,1,9,0,5,0,0,0,0,0,0,4,1,5,1,6,1124,1,7,9,2
2.01212E+12,2,2,0,18,0,0,0,0,0,0,1,1,5,2,11,49,1,13,7,1
2.01212E+12,1,9,0,18,0,2,0,0,0,0,4,1,5,2,4,1299,1,10,3,1
2.01212E+12,1,9,0,18,0,1,0,10,0,0,4,1,6,1,6,2783,1,14,10,1
2.01212E+12,2,9,0,3,0,1,0,0,7,11,3,1,5,1,8,1984,1,2,10,1
2.01212E+12,1,2,0,9,0,3,0,0,0,0,4,1,5,1,4,49,1,5,8,1
2.01212E+12,2,9,0,18,0,4,0,0,0,0,1,1,6,1,6,998,1,6,3,1
2.01212E+12,1,9,0,5,0,1,0,0,0,0,1,1,5,1,5,1339,1,7,4,1
2.01212E+12,1,2,0,18,0,0,1,0,0,0,1,1,1,1,4,49,1,13,7,1
2.01212E+12,1,9,0,9,0,2,0,0,0,0,1,1,2,2,4,1199,1,9,7,1
2.01212E+12,1,9,0,18,0,1,0,0,0,0,1,1,5,1,6,1198,1,4,-1,-1
2.01212E+12,1,9,0,12,0,1,0,0,5,6,3,1,2,2,5,1242,1,2,8,3
2.01212E+12,1,9,0,5,0,6,0,0,0,0,1,1,1,2,7,1595,1,2,9,3
2.01212E+12,1,9,0,10,0,2,0,0,0,0,2,1,5,1,5,1198,1,8,9,1
2.01212E+12,2,9,0,18,0,2,0,0,0,0,1,1,5,1,10,1199,1,12,6,1
2.01212E+12,1,9,0,5,0,1,0,0,0,0,1,1,1,2,4,1242,1,5,-1,-1
2.01212E+12,1,9,0,18,0,0,0,0,0,0,4,1,2,2,7,1598,1,16,2,1
2.01212E+12,1,9,0,1,0,0,0,0,0,0,2,1,5,1,7,1242,1,16,5,1
2.01212E+12,1,9,0,5,0,2,0,0,0,0,1,1,5,2,5,1124,1,10,5,1
2.01212E+12,1,2,0,18,0,0,0,0,0,0,0,1,2,2,9,49,1,1,6,1
2.01212E+12,1,2,0,9,0,8,1,0,0,0,0,1,5,1,4,49,1,-1,3,1
2.01212E+12,2,9,0,7,0,8,0,0,0,0,0,1,5,1,6,1364,1,3,4,1
2.01212E+12,2,5,0,14,0,0,1,0,0,0,1,1,2,1,5,1298,1,7,2,1
2.01212E+12,1,9,0,9,0,6,0,0,0,0,3,1,5,1,4,1389,1,11,2,1
2.01212E+12,2,2,0,18,0,1,0,0,0,0,1,1,4,1,4,49,1,11,10,1
2.01212E+12,2,9,0,18,0,1,0,0,0,0,2,1,6,2,7,1388,1,9,3,1
2.01212E+12,1,9,0,18,0,3,0,0,0,0,3,1,5,2,7,1229,1,4,8,1
2.01212E+12,1,2,0,14,0,0,1,0,0,0,1,1,2,1,4,50,1,5,8,1
2.01212E+12,2,9,0,3,0,0,0,0,0,0,2,1,2,2,6,1798,1,3,8,3
2.01212E+12,1,9,0,18,0,0,2,0,8,4,1,1,5,1,4,1242,1,10,-1,-1
2.01212E+12,1,9,0,5,0,8,0,0,0,0,3,1,2,1,6,1598,1,11,10,1
2.01212E+12,2,9,0,18,0,8,0,0,0,0,1,1,2,1,5,698,1,8,9,1
2.01212E+12,1,9,0,18,0,2,1,0,1,2,1,1,5,2,4,1229,1,7,9,3
2.01212E+12,1,9,0,5,0,4,0,0,0,0,1,1,5,2,9,1598,1,4,10,2
2.01212E+12,1,9,0,18,0,2,0,0,0,0,3,1,5,2,5,998,1,12,4,1
2.01212E+12,2,2,0,18,0,2,0,0,0,0,4,1,5,1,4,49,1,6,2,1
2.01212E+12,1,9,0,4,0,8,0,0,0,0,2,1,5,1,10,1390,1,1,-1,-1
2.01212E+12,2,9,0,5,0,8,0,0,1,0,1,1,5,1,4,1895,1,11,-1,-1
2.01212E+12,1,9,0,18,0,1,0,0,0,0,1,1,2,2,5,1587,1,6,10,2
2.01212E+12,1,9,0,9,0,6,0,0,0,0,3,1,5,1,6,1390,1,9,5,1
2.01212E+12,1,9,0,18,0,3,0,0,0,0,1,1,5,1,7,998,1,13,9,1
2.01212E+12,1,9,0,16,0,8,1,0,0,0,1,1,5,1,4,1596,1,-1,2,1
2.01212E+12,1,9,0,9,0,8,0,0,0,0,4,1,5,1,4,1242,1,11,5,3
2.01212E+12,2,9,0,18,0,8,0,0,0,0,1,1,6,1,10,1596,1,11,8,1
2.01212E+12,1,9,0,18,0,0,0,0,0,0,1,1,6,2,6,998,1,3,7,3
2.01212E+12,2,9,0,3,0,0,0,0,0,0,2,1,6,2,7,998,1,-1,9,3
2.01212E+12,1,9,0,9,0,8,0,0,0,0,1,1,5,1,4,1199,1,9,5,3
2.01212E+12,1,9,0,7,0,6,0,0,0,0,1,1,5,1,11,1598,1,7,6,1
2.01212E+12,2,9,0,18,0,2,0,0,1,11,4,1,5,1,7,1329,1,1,10,1
2.01212E+12,2,9,0,18,0,1,0,0,0,0,1,1,5,2,4,1299,1,5,8,1
2.01212E+12,3,9,0,18,0,0,0,0,0,0,1,1,6,2,5,1199,1,9,9,3
2.01212E+12,1,9,0,6,0,3,0,7,0,0,1,1,5,1,11,1388,1,-1,3,1
2.01212E+12,1,9,0,9,0,5,0,0,0,0,1,1,5,1,9,1999,1,9,6,1
2.01212E+12,2,3,0,18,0,1,1,0,0,0,1,1,1,1,5,124,1,1,6,1
2.01212E+12,2,9,0,1,0,0,0,0,0,0,0,1,5,1,8,1360,1,8,10,3
2.01212E+12,2,9,0,3,0,0,0,0,0,0,2,1,1,1,9,1796,1,9,3,1
2.01212E+12,3,8,0,2,0,0,0,0,0,0,2,1,1,1,7,1598,1,12,5,1
2.01212E+12,2,9,0,18,0,1,0,0,0,0,2,1,5,2,4,1388,1,-1,6,1
2.01312E+12,1,9,0,18,0,0,0,0,0,0,2,1,6,2,5,1598,1,1,7,3
2.01312E+12,2,9,0,18,0,0,0,0,0,0,2,1,6,2,-1,1242,1,3,7,1
2.01312E+12,3,9,0,18,0,0,0,0,0,0,1,1,6,2,7,1229,1,2,6,3
2.01312E+12,1,9,0,9,0,8,0,0,1,1,1,1,6,2,8,998,1,3,4,1
2.01312E+12,1,9,0,10,0,0,0,0,1,0,2,1,1,2,8,1198,1,8,6,1
2.01312E+12,1,9,0,18,0,8,0,0,0,0,1,1,2,1,7,1242,1,8,10,2
2.01312E+12,2,9,0,5,0,1,0,0,0,0,1,1,1,1,4,1299,1,14,4,1
2.01312E+12,2,9,0,18,0,1,0,0,0,0,2,1,6,1,8,1598,1,11,3,1
2.01312E+12,1,5,0,16,0,8,1,0,0,0,4,1,2,1,5,600,1,12,9,1
2.01312E+12,1,9,0,18,0,0,0,0,0,0,1,1,6,2,8,1108,1,3,9,1
2.01312E+12,2,9,0,18,0,0,0,0,0,0,2,1,6,1,11,1388,1,11,-1,-1
2.01312E+12,1,9,0,18,0,0,0,0,0,0,2,1,6,2,7,1598,1,3,8,3
2.01312E+12,1,9,0,9,0,0,0,0,0,0,4,1,6,2,7,1149,1,7,9,3
2.01312E+12,2,4,0,18,0,1,0,0,0,0,1,1,2,1,6,782,1,5,1,1
2.01312E+12,1,9,0,18,0,0,0,0,0,0,1,1,6,1,4,1242,1,10,8,3
2.01312E+12,2,9,0,10,0,0,0,0,0,0,2,1,6,2,6,2295,1,13,5,1
2.01312E+12,1,9,0,18,0,0,0,0,0,0,1,1,6,1,11,1289,1,15,9,1
2.01312E+12,2,9,0,18,0,0,0,0,0,0,2,1,6,2,8,1999,1,5,10,1
2.01312E+12,1,9,0,5,0,2,0,0,0,0,1,1,6,2,6,1242,1,11,6,1
2.01312E+12,3,9,0,2,0,2,0,0,0,0,1,1,6,2,4,1242,1,3,-1,-1
2.01312E+12,1,9,0,1,0,0,0,0,0,0,2,1,3,2,7,1248,1,1,10,1
2.01312E+12,2,9,0,14,0,0,0,0,0,0,1,1,3,2,6,2324,1,10,8,1
2.01312E+12,2,9,0,12,0,0,0,0,0,0,3,1,6,1,6,1598,1,12,-1,-1
2.01312E+12,1,9,0,3,0,0,0,0,0,0,4,1,6,1,9,1229,1,8,10,1
2.01312E+12,1,9,0,9,0,2,0,10,1,2,1,1,2,1,6,1299,1,10,-1,-1
2.01312E+12,1,9,0,18,0,0,0,0,0,0,1,1,6,2,8,1360,1,10,6,1
2.01312E+12,1,9,0,3,0,0,0,0,0,0,1,1,6,2,5,1798,1,9,8,1
2.01312E+12,2,2,0,14,0,1,0,0,0,0,0,1,4,1,4,49,1,9,8,1
2.01312E+12,1,9,0,5,0,4,0,0,0,0,1,1,6,2,8,973,1,12,7,1
2.01312E+12,1,9,0,9,0,5,0,0,0,0,3,1,6,1,10,1598,1,2,9,3
2.01312E+12,2,9,0,18,0,8,0,0,0,0,1,1,6,2,8,1799,1,15,5,2
2.01312E+12,3,9,0,18,0,8,0,0,0,0,1,1,6,2,7,1242,1,9,9,1
2.01312E+12,1,2,0,18,0,0,0,0,0,0,1,1,6,1,4,125,1,-1,6,3
2.01312E+12,1,9,0,18,0,1,0,0,0,0,1,1,6,1,6,1390,1,6,3,2
2.01312E+12,2,9,0,11,4,0,0,0,0,0,4,1,6,2,6,1242,1,4,7,1
2.01312E+12,1,9,0,5,0,1,0,0,0,0,1,1,6,1,8,1798,1,5,8,2
2.01312E+12,1,9,0,5,0,2,0,0,0,0,3,1,1,2,5,1397,1,5,-1,-1
2.01312E+12,1,9,0,4,0,1,1,0,0,0,1,1,6,2,6,1598,1,10,7,1
2.01312E+12,2,9,0,4,0,1,1,0,0,0,2,1,6,2,7,1587,1,8,9,1