Acc_Index,Vehicle_Reference,Vehicle_Type,Towing_and_Articulation,Vehicle_Manoeuvre,Vehicle_Location-Restricted_Lane,Junction_Location,Skidding_and_Overturning,Hit_Object_in_Carriageway,Vehicle_Leaving_Carriageway,Hit_Object_off_Carriageway,1st_Point_of_Impact,Was_Vehicle_Left_Hand_Drive?,Journey_Purpose_of_Driver,Sex_of_Driver,Age_Band_of_Driver,Engine_Capacity_(CC),Propulsion_Code,Age_of_Vehicle,Driver_IMD_Decile,Driver_Home_Area_Type
2.01312E+12,1,9,0,18,0,0,0,0,0,0,1,1,6,1,10,1998,1,13,-1,-1
2.01312E+12,2,9,0,7,0,0,0,0,0,0,4,1,6,1,7,1796,1,12,10,1
2.01312E+12,1,9,0,18,0,8,0,0,0,0,1,1,6,2,9,998,1,11,1,1
2.01312E+12,1,9,0,9,0,8,0,0,0,0,1,1,6,1,6,1598,1,12,7,1
2.01312E+12,1,4,0,5,0,1,1,0,0,0,4,1,2,2,5,124,1,1,3,1
2.01312E+12,2,9,0,3,0,0,0,0,0,0,2,1,6,2,8,1328,1,6,9,3
2.01312E+12,1,9,0,18,0,8,0,0,0,0,1,1,2,1,6,1598,1,9,9,1
2.01312E+12,1,9,0,18,0,0,0,0,0,0,4,1,2,1,9,1386,1,6,4,1
2.01312E+12,1,9,0,3,0,0,0,0,0,0,2,1,2,2,7,1108,1,3,7,3
2.01312E+12,2,9,0,4,0,0,0,0,0,0,1,1,2,2,6,1242,1,3,10,2
2.01312E+12,1,9,0,18,0,1,0,0,0,0,1,1,2,1,9,2967,1,13,8,3
2.01312E+12,2,5,0,4,0,2,0,0,0,0,2,1,2,1,6,599,1,10,3,1
2.01312E+12,1,9,0,9,0,1,0,0,0,0,4,1,2,2,6,1598,1,5,9,1
2.01312E+12,2,9,0,18,0,1,0,0,7,0,1,1,4,2,4,1229,1,2,8,3
2.01312E+12,2,3,0,18,0,1,1,0,0,0,4,1,6,1,8,102,1,7,7,1
2.01312E+12,1,9,0,18,0,0,0,0,0,0,4,1,2,2,8,998,1,8,6,1
2.01312E+12,1,9,0,18,0,1,0,0,0,0,1,1,6,1,5,1783,1,12,10,1
2.01312E+12,2,9,0,10,0,1,0,0,0,0,2,1,6,1,5,1998,1,9,6,1
2.01312E+12,1,9,0,12,0,1,0,0,0,0,1,1,6,1,5,1390,1,10,8,1
2.01312E+12,2,9,0,9,0,6,0,0,0,0,3,1,6,2,5,1242,1,5,8,2
2.01312E+12,1,9,0,18,0,0,0,0,1,10,1,1,6,1,4,998,1,2,9,2
2.01312E+12,1,9,0,18,0,0,0,0,0,0,1,1,2,2,4,1299,1,13,3,1
2.01312E+12,1,9,0,18,0,0,0,0,0,0,4,1,6,1,7,1368,1,4,5,1
2.01312E+12,2,9,0,11,0,0,0,0,0,0,3,1,6,1,8,1998,1,8,3,1
2.01312E+12,1,9,0,3,0,0,0,0,0,0,2,1,1,1,5,1299,1,9,5,1
2.01312E+12,2,9,0,18,0,0,0,0,0,0,1,1,1,2,4,1360,1,13,6,1
2.01312E+12,1,9,0,7,0,4,5,0,3,1,1,1,6,2,5,1299,1,12,-1,-1
2.01312E+12,1,9,0,18,0,0,0,0,0,0,4,1,2,1,9,1794,1,10,8,1
2.01312E+12,1,9,0,9,0,6,0,0,0,0,3,1,6,1,8,1198,1,11,9,1
2.01312E+12,2,3,0,18,0,1,1,0,0,0,1,1,6,1,5,124,1,2,8,1
2.01312E+12,1,9,0,1,0,0,0,0,0,0,2,1,2,2,7,1796,1,8,9,2
2.01312E+12,1,2,0,18,0,1,0,0,0,0,1,1,2,1,7,244,1,4,8,1
2.01312E+12,2,9,0,9,0,5,0,0,0,0,4,1,2,1,7,2198,1,11,7,1
2.01312E+12,1,9,0,4,0,0,0,0,0,0,1,1,3,2,7,998,1,17,9,1
2.01312E+12,2,9,0,3,0,0,0,0,0,0,2,1,6,1,9,1329,1,1,9,2
2.01312E+12,1,9,0,2,0,1,0,0,0,0,4,1,6,1,5,1598,1,8,7,1
2.01312E+12,1,9,0,18,0,0,0,0,0,0,4,1,1,1,8,1329,1,1,4,1
2.01312E+12,1,9,0,14,0,0,0,0,0,0,1,1,2,2,8,1368,1,5,7,3
2.01312E+12,1,9,0,9,0,2,0,0,0,0,1,1,2,2,8,1596,1,3,3,1
2.01312E+12,1,9,0,9,0,6,0,0,0,0,1,1,6,2,11,1341,1,8,8,1
2.01312E+12,1,5,0,16,0,0,1,0,1,9,4,1,6,1,8,999,1,3,7,1
2.01312E+12,1,9,0,9,0,6,0,0,0,0,4,1,6,2,-1,1398,1,13,6,2
2.01312E+12,2,3,0,9,0,8,0,0,1,1,1,1,2,1,7,124,1,2,8,1
2.01312E+12,1,9,0,5,0,0,0,0,0,0,1,1,2,2,5,1242,1,4,9,1
2.01312E+12,1,9,0,18,0,0,0,0,0,0,1,1,6,1,11,2499,1,1,8,3
2.01312E+12,1,9,0,4,0,0,0,0,0,0,2,1,1,1,8,3498,1,1,7,3
2.01312E+12,2,9,0,4,0,0,0,0,0,0,1,1,6,2,5,1388,1,10,9,2
2.01312E+12,1,5,0,16,0,3,1,0,4,6,1,1,6,1,8,599,1,12,5,1
2.01312E+12,1,9,0,18,0,0,0,0,0,0,1,1,6,1,5,1781,1,14,5,1
2.01312E+12,2,9,0,2,0,0,0,0,0,0,1,1,6,2,6,1796,1,10,3,1
2.01312E+12,1,9,0,9,0,8,0,0,0,0,1,1,6,1,10,1948,1,17,4,1
2.01312E+12,1,9,0,9,0,6,0,0,0,0,1,1,1,2,8,1796,1,10,9,1
2.01312E+12,2,9,0,18,0,1,0,0,0,0,3,1,1,2,5,1596,1,10,9,3
2.01312E+12,3,9,0,18,0,1,0,0,0,0,1,1,1,1,5,1242,1,11,8,1
2.01312E+12,1,9,0,9,0,8,0,0,0,0,4,1,6,1,5,1392,1,14,8,3
2.01312E+12,2,3,0,18,0,8,0,0,0,0,1,1,6,1,4,125,1,5,9,1
2.01312E+12,1,9,0,18,0,1,0,0,0,0,1,1,6,2,8,1796,1,7,6,1
2.01312E+12,1,9,0,1,9,0,0,0,0,0,2,1,1,2,7,1596,1,4,10,1
2.01312E+12,2,9,0,2,0,0,0,0,0,0,3,1,6,2,-1,1199,1,11,6,1
2.01312E+12,1,9,0,18,0,4,0,0,0,0,3,1,6,2,7,1360,1,10,5,1
2.01312E+12,1,9,0,9,0,5,0,0,0,0,4,1,6,1,4,1124,1,11,9,1
2.01312E+12,2,9,0,14,0,1,0,0,0,0,1,1,6,2,6,1598,1,-1,-1,-1
2.01312E+12,1,9,0,9,0,8,0,0,0,0,0,1,1,1,7,1198,1,3,4,1
2.01312E+12,2,9,0,5,0,1,0,0,0,0,1,1,6,2,6,1998,1,11,9,1
2.01312E+12,1,9,0,18,0,8,0,0,1,0,1,1,6,2,7,1242,1,4,6,1
2.01312E+12,2,9,0,9,0,8,0,0,0,0,1,1,6,1,4,1149,1,10,-1,-1
2.01312E+12,1,9,0,18,0,0,1,0,0,0,1,1,6,1,5,1199,1,10,-1,-1
2.01312E+12,2,9,0,5,0,1,0,0,0,0,1,1,1,2,5,998,1,7,5,1
2.01312E+12,2,9,0,4,0,0,0,0,0,0,1,1,6,2,4,2746,1,25,10,2
2.01312E+12,2,9,0,18,0,1,0,0,0,0,4,1,6,2,10,1299,1,6,10,1
2.01312E+12,1,9,0,9,0,2,0,0,0,0,1,1,1,1,6,1587,1,10,3,1
2.01312E+12,2,2,0,4,0,1,0,0,0,0,4,1,1,1,7,124,1,2,8,3
2.01312E+12,1,9,0,18,0,0,0,0,0,0,1,1,6,2,6,1598,1,12,-1,-1
2.01312E+12,1,9,0,9,0,1,0,0,0,0,2,1,6,2,11,1242,1,3,8,3
2.01312E+12,2,3,0,18,0,1,0,0,0,0,1,1,6,1,6,124,1,11,2,1
2.01312E+12,1,2,0,7,0,1,1,0,0,0,4,1,6,1,5,124,1,5,9,1
2.01312E+12,2,9,0,9,0,5,0,0,0,0,3,1,6,2,9,1998,1,7,9,3
2.01312E+12,1,5,0,4,0,0,1,0,0,0,3,1,6,1,7,599,1,5,8,3
2.01312E+12,2,9,0,4,0,0,0,0,0,0,1,2,6,1,-1,1149,1,2,-1,-1
2.01312E+12,1,9,0,18,0,0,0,0,0,0,4,2,6,1,4,1392,1,14,6,1
2.01312E+12,1,9,0,5,0,8,0,0,0,0,3,1,6,2,4,1299,1,12,10,3
2.01312E+12,1,9,0,4,0,0,0,7,0,1,1,1,6,1,11,1598,1,7,9,1
2.01312E+12,1,9,0,18,0,1,0,0,0,0,3,1,6,1,5,1984,1,10,4,1
2.01312E+12,2,9,0,7,0,1,0,0,0,0,3,1,6,2,7,1242,1,6,2,1
2.01312E+12,1,9,0,4,0,0,0,0,0,0,1,1,1,2,6,1229,1,-1,-1,-1
2.01312E+12,3,9,0,3,0,0,0,0,0,0,2,1,6,1,6,1198,1,4,7,3
2.01312E+12,4,9,0,3,0,0,0,0,0,0,2,1,6,1,7,1329,1,2,3,1
2.01312E+12,1,9,0,2,0,0,0,0,0,0,3,1,6,1,8,1397,1,11,7,1
2.01312E+12,1,9,0,4,0,0,0,0,0,0,1,1,6,1,6,1296,1,7,7,2
2.01312E+12,2,9,0,3,0,0,0,0,0,0,2,1,6,2,8,998,1,9,3,1
2.01312E+12,1,5,0,18,0,0,0,12,0,0,1,1,6,1,6,996,1,10,4,1
2.01312E+12,1,9,0,9,0,5,0,0,0,0,4,1,6,2,11,1389,1,16,-1,-1
2.01312E+12,1,9,0,18,0,0,0,0,1,4,1,1,6,1,11,1390,1,13,9,1
2.01312E+12,1,5,0,16,0,0,0,10,7,0,1,1,6,1,7,998,1,4,3,1
2.01312E+12,1,9,0,5,0,6,0,0,0,0,4,1,3,2,7,1400,1,8,5,1
2.01312E+12,1,9,0,3,0,2,0,0,0,0,4,1,2,1,7,1199,1,13,-1,-1
2.01312E+12,1,9,0,18,0,0,1,0,2,7,4,1,6,1,5,1599,1,8,8,2
2.01312E+12,1,9,0,7,0,8,0,0,0,0,4,1,6,1,6,1396,1,7,8,1
2.01312E+12,2,9,0,9,0,6,0,0,0,0,3,1,6,2,5,1149,1,11,6,1
2.01312E+12,1,9,0,18,0,0,0,0,0,0,1,1,6,2,7,1248,1,1,10,1
2.01312E+12,1,9,0,9,0,1,0,0,0,0,3,1,1,1,9,1598,1,11,8,3
2.01312E+12,2,5,0,13,0,1,0,0,0,0,4,1,1,1,6,748,1,16,7,1
2.01312E+12,1,9,0,18,0,0,0,0,1,9,1,1,6,2,10,1396,1,11,10,1
2.01312E+12,1,9,0,18,0,0,0,0,0,0,1,1,6,2,6,1800,1,7,3,1
2.01312E+12,1,9,0,2,0,0,0,0,0,0,3,1,6,1,4,1229,1,8,7,1
2.01312E+12,1,9,0,18,0,0,0,0,0,0,1,1,6,1,6,1970,1,11,10,1
2.01312E+12,1,9,0,17,0,0,0,0,0,0,3,1,2,1,7,1124,1,12,2,1
2.01312E+12,1,9,0,5,0,0,0,0,0,0,4,1,1,2,10,1598,1,7,10,1
2.01312E+12,2,3,0,18,0,8,1,0,0,0,1,1,2,1,4,124,1,2,6,1
2.01312E+12,2,9,0,18,0,0,1,0,0,0,1,1,6,2,7,1242,1,16,5,1
2.01312E+12,1,9,0,18,0,1,0,0,0,0,1,1,6,1,-1,2967,1,10,-1,-1
2.01312E+12,1,5,0,18,0,4,0,0,0,0,0,1,1,1,7,600,1,10,6,1
2.01312E+12,2,9,0,18,0,1,0,0,0,0,1,1,6,1,8,1796,1,5,-1,-1
2.01312E+12,1,5,0,7,0,3,0,10,1,0,4,1,6,1,7,498,1,12,7,1
2.01312E+12,1,3,0,4,0,1,1,0,0,0,1,1,6,1,7,124,1,4,-1,-1
2.01312E+12,1,9,0,2,0,1,0,0,0,0,1,1,1,1,10,1124,1,7,5,1
2.01312E+12,2,9,0,5,0,1,0,0,0,0,3,1,6,1,10,1397,1,5,6,1
2.01312E+12,1,9,0,18,0,8,0,0,0,0,3,1,6,2,7,1341,1,12,10,1
2.01312E+12,2,2,0,18,0,8,0,0,0,0,4,1,6,1,4,49,1,7,2,1
2.01312E+12,1,9,0,1,0,6,0,0,0,0,4,1,6,1,6,1599,1,11,8,1
2.01312E+12,2,9,0,7,0,6,0,0,0,0,3,1,6,1,7,1587,1,6,8,1
2.01312E+12,1,9,0,18,0,6,0,0,0,0,1,1,6,1,7,1149,1,9,-1,-1
2.01312E+12,2,9,0,10,0,1,0,0,0,0,2,1,6,1,8,1124,1,11,5,1
2.01312E+12,1,4,0,18,0,0,0,0,0,0,3,1,6,1,4,124,1,1,8,1
2.01312E+12,2,9,0,18,0,1,1,0,0,0,1,1,6,1,4,1199,1,12,10,2
2.01312E+12,1,5,0,9,0,8,1,0,0,0,0,1,2,1,8,865,1,1,4,1
2.01312E+12,2,3,0,3,0,0,0,0,0,0,2,1,6,1,8,124,1,16,6,2
2.01312E+12,1,9,0,3,0,0,0,0,0,0,2,1,6,1,6,1229,1,8,3,1
2.01312E+12,2,9,0,3,0,0,0,0,0,0,2,1,6,1,9,1598,1,8,2,1
2.01312E+12,3,9,0,4,0,0,0,0,0,0,2,1,6,2,9,1197,1,3,10,2
2.01312E+12,4,9,0,18,0,0,0,0,0,0,1,1,6,1,5,1242,1,4,7,1
2.01312E+12,1,9,0,17,0,0,1,11,0,0,2,1,1,1,9,2035,1,6,-1,-1
2.01312E+12,1,9,0,18,0,0,2,0,1,0,1,1,6,1,6,1242,1,14,4,1
2.01312E+12,1,9,0,18,0,1,0,0,0,0,1,1,6,1,6,1242,1,5,4,2
2.01312E+12,1,9,0,18,0,0,0,0,0,0,2,1,6,1,4,1199,1,12,2,1
2.01312E+12,1,9,0,6,0,0,0,0,0,0,3,1,6,2,6,1598,1,10,10,2
2.01312E+12,2,5,0,13,0,0,0,0,7,10,1,1,6,1,7,1078,1,6,8,1
2.01312E+12,2,9,0,9,0,6,0,0,0,0,3,1,6,1,9,1398,1,1,4,1
2.01312E+12,1,9,0,18,0,0,1,0,0,0,1,1,6,1,4,1149,1,11,2,1
2.01312E+12,2,9,0,4,0,0,0,0,0,0,2,1,6,2,9,1349,1,3,10,2
2.01312E+12,1,9,0,17,0,0,0,0,0,0,1,1,6,1,6,1596,1,10,2,1
2.01312E+12,2,9,0,16,0,0,0,0,0,0,1,1,6,1,5,1984,1,7,4,1
2.01312E+12,1,2,0,18,0,3,0,0,0,0,4,1,1,2,8,49,1,1,4,1
2.01312E+12,1,9,0,18,0,1,0,0,0,0,1,1,2,2,6,998,1,13,9,2
2.01312E+12,2,9,0,4,0,1,0,0,0,0,2,1,6,1,8,1398,1,13,2,1
2.01312E+12,1,9,0,18,0,1,0,0,0,0,1,1,6,2,5,1149,1,14,-1,-1
2.01312E+12,2,9,0,3,0,2,0,0,0,0,2,1,6,1,8,1997,1,1,5,1
2.01312E+12,2,9,0,4,0,0,0,0,0,0,2,1,6,2,5,1389,1,12,10,1
2.01312E+12,3,9,0,3,0,0,0,0,0,0,2,1,6,2,5,1388,1,12,5,1
2.01312E+12,1,2,0,18,0,0,0,0,7,2,1,1,6,2,4,49,1,7,9,2
2.01312E+12,1,9,0,5,0,0,0,0,0,0,1,1,6,2,5,998,1,14,2,1
2.01312E+12,1,9,0,18,0,4,0,0,0,0,1,1,6,1,4,1149,1,9,4,1
2.01312E+12,2,9,0,18,0,4,0,0,0,0,2,1,6,2,6,1587,1,8,8,1
2.01312E+12,1,3,0,5,0,2,0,0,0,0,1,1,2,1,9,500,1,11,7,3
2.01312E+12,2,9,0,18,0,0,1,0,0,0,1,1,2,2,6,998,1,15,6,1
2.01312E+12,1,9,0,9,0,6,0,0,0,0,2,1,6,1,11,1590,1,8,10,1
2.01312E+12,1,9,0,18,0,0,0,0,0,0,1,1,6,1,11,1596,1,2,1,1
2.01312E+12,1,9,0,18,0,1,0,0,0,0,3,1,6,1,4,1587,1,10,10,3
2.01312E+12,2,9,0,9,0,6,0,0,0,0,1,1,6,1,4,1389,1,13,-1,-1
2.01312E+12,1,9,0,3,0,0,0,0,0,0,4,1,6,2,5,1598,1,3,5,1
2.01312E+12,2,5,0,18,0,0,0,0,0,0,3,1,6,1,9,1198,1,14,8,1
2.01312E+12,2,5,0,13,0,0,0,0,0,0,1,1,6,1,10,980,1,23,2,3
2.01312E+12,2,9,0,3,0,1,0,0,0,0,2,1,6,2,9,1197,1,3,10,1
2.01312E+12,3,9,4,10,0,2,0,0,0,0,2,1,6,1,8,4686,1,12,3,1
2.01312E+12,2,9,0,5,0,6,0,0,0,0,1,1,6,2,11,1360,1,11,10,1
2.01312E+12,1,9,0,12,0,0,1,0,1,6,3,1,6,2,6,1598,1,5,1,1
2.01312E+12,1,5,0,17,0,0,0,0,1,9,1,1,2,1,6,600,1,13,8,3
2.01312E+12,1,9,0,3,0,1,0,0,0,0,1,1,6,1,4,1364,1,6,10,2
2.01312E+12,1,3,0,18,0,8,0,0,0,0,1,1,2,1,6,124,1,4,10,2
2.01312E+12,1,9,0,9,0,6,0,0,0,0,1,1,6,1,5,1587,1,6,6,1
2.01312E+12,1,9,0,18,0,2,0,0,0,0,1,1,2,1,6,995,1,8,3,1
2.01312E+12,2,9,0,9,0,1,0,0,0,0,3,1,2,1,6,1598,1,7,10,2
2.01312E+12,3,9,0,18,0,1,0,0,0,0,1,1,2,2,5,1124,1,10,10,1
2.01312E+12,2,9,0,4,0,0,0,0,0,0,2,1,6,1,11,1124,1,8,10,1
2.01312E+12,3,9,0,4,0,0,0,0,0,0,2,1,6,1,8,1598,1,5,9,1
2.01312E+12,1,9,0,16,0,0,5,0,7,10,1,1,6,1,10,1390,1,7,8,1
2.01312E+12,2,9,0,3,0,0,0,0,0,0,2,1,2,2,9,1397,1,12,8,2
2.01312E+12,2,9,0,3,0,4,0,0,0,0,2,1,6,2,7,1596,1,6,-1,-1
2.01312E+12,1,9,0,18,0,1,0,0,7,0,3,1,2,2,5,1229,1,2,3,1
2.01312E+12,1,9,0,17,0,2,0,0,0,0,1,1,6,2,11,1598,1,9,9,1
2.01312E+12,1,9,0,9,0,3,0,0,0,0,1,1,2,1,4,1587,1,10,10,1
2.01312E+12,1,9,0,9,0,8,0,0,0,0,1,2,6,1,4,1396,1,8,10,2
2.01312E+12,1,9,0,9,0,1,0,0,0,0,1,1,6,2,10,1341,1,8,2,1
2.01312E+12,2,9,0,2,6,0,0,0,0,0,3,1,6,1,6,2393,1,14,8,1
2.01312E+12,1,5,0,18,0,0,1,0,0,0,0,1,6,1,9,885,1,11,2,1
2.01312E+12,2,9,0,7,0,0,0,0,0,0,0,1,1,2,9,1242,1,1,10,1
2.01312E+12,2,9,0,3,0,8,0,0,0,0,2,1,6,2,6,1199,1,10,4,1
2.01312E+12,4,9,0,3,0,8,0,0,0,0,2,1,6,2,7,1598,1,7,7,1
2.01312E+12,1,9,0,18,0,0,0,0,0,0,4,1,6,1,5,1368,1,6,8,1
2.01312E+12,2,9,0,2,0,0,0,0,0,0,3,1,6,3,-1,998,1,-1,6,1
2.01312E+12,3,9,0,2,0,0,0,0,1,11,4,1,6,3,-1,1390,1,5,6,1
2.01312E+12,1,9,0,9,0,8,0,0,0,0,4,1,6,1,8,1796,1,6,8,1
2.01312E+12,2,5,0,18,0,8,0,0,0,0,1,1,6,1,7,997,1,8,9,1
2.01312E+12,1,9,0,9,0,1,0,0,0,0,1,1,6,1,10,1995,1,6,10,1
2.01312E+12,1,9,0,9,0,8,0,0,0,0,4,1,6,2,10,1360,1,12,5,3
2.01312E+12,2,9,0,18,0,1,0,0,0,0,1,1,6,1,6,1275,1,17,10,3
2.01312E+12,2,9,0,7,0,5,0,0,0,0,1,1,6,2,5,1149,1,3,10,2
2.01312E+12,1,9,0,18,0,0,5,4,0,0,1,1,6,1,6,1328,1,6,1,1
2.01312E+12,1,9,0,16,0,0,0,0,0,0,1,1,6,1,10,2198,1,7,6,1
2.01312E+12,1,9,0,17,0,0,0,0,1,9,1,1,6,1,8,1493,1,10,9,2
2.01312E+12,2,9,0,18,0,8,0,0,0,0,1,1,2,2,5,2000,1,4,6,1
2.01312E+12,1,9,0,13,0,8,0,0,0,0,4,1,6,2,10,1998,1,11,8,3
2.01312E+12,1,9,0,9,0,0,0,0,0,0,4,1,6,2,6,1360,1,5,6,1
2.01312E+12,2,2,0,18,0,0,0,0,0,0,1,1,4,1,4,49,1,1,8,1
2.01312E+12,1,9,0,18,0,1,0,0,0,0,4,1,6,1,9,1198,1,7,10,2
2.01312E+12,2,9,0,9,0,8,0,0,7,0,2,1,6,1,8,1368,1,1,7,3
2.01312E+12,1,9,0,9,0,8,0,0,0,0,1,1,6,1,6,1596,1,9,10,3
2.01312E+12,1,9,0,4,0,1,0,0,0,0,1,1,6,1,10,2967,1,11,8,1
2.01312E+12,2,9,0,9,0,8,0,0,0,0,4,1,6,1,9,1349,1,2,6,1
2.01312E+12,2,9,0,7,0,5,0,0,0,0,4,1,1,2,5,1598,1,2,-1,-1
2.01312E+12,1,9,0,1,0,0,0,0,0,0,2,1,6,1,11,1248,1,-1,10,2
2.01312E+12,2,9,0,5,0,0,0,0,0,0,1,1,6,2,7,1998,1,17,9,1
2.01312E+12,2,9,0,14,0,1,0,0,0,0,4,1,6,2,10,1242,1,9,10,1
2.01312E+12,1,9,0,4,0,0,0,0,1,4,1,1,6,1,4,1388,1,5,9,3
2.01312E+12,2,9,0,18,0,8,0,0,0,0,4,1,6,1,10,1587,1,21,10,1
2.01312E+12,1,9,0,18,0,0,0,0,0,0,2,1,6,1,10,998,1,2,7,1
2.01312E+12,1,9,0,18,0,1,0,0,0,0,1,1,6,1,5,1364,1,6,10,1
2.01312E+12,1,3,0,15,4,1,0,0,0,0,1,1,6,1,4,124,1,2,6,1
2.01312E+12,2,9,0,9,0,5,0,0,0,0,4,1,6,2,8,1242,1,5,6,3
2.01312E+12,1,9,0,9,0,1,0,0,0,0,1,1,1,1,5,1798,1,9,4,1
2.01312E+12,2,9,0,3,0,0,0,0,0,0,2,1,6,2,6,1598,1,1,8,1
2.01312E+12,1,2,0,18,0,2,1,0,0,0,1,1,6,2,9,49,1,8,7,1
2.01312E+12,2,9,0,2,0,2,0,0,0,0,3,1,6,3,-1,1149,1,9,-1,-1
2.01312E+12,1,9,0,5,0,8,0,0,0,0,4,1,2,1,8,1800,1,7,9,3
2.01312E+12,1,9,0,9,0,6,0,0,0,0,3,1,6,1,10,1197,1,1,10,1
2.01312E+12,2,3,0,18,0,8,0,0,0,0,1,1,6,1,4,124,1,31,3,1
2.01312E+12,1,9,0,4,0,0,0,0,0,0,2,1,1,1,7,1998,1,12,-1,-1
2.01312E+12,3,9,0,4,0,0,0,0,0,0,2,1,1,2,8,1598,1,5,10,2
2.01312E+12,1,9,0,18,0,1,0,0,0,0,3,1,2,2,7,1360,1,10,5,1
2.01312E+12,1,4,0,18,0,1,0,0,0,0,0,1,2,1,9,399,1,24,3,1
2.01312E+12,2,9,0,5,0,8,0,0,0,0,0,1,6,2,5,1242,1,-1,10,1
2.01312E+12,1,9,0,9,0,1,0,0,0,0,0,1,6,1,6,1149,1,5,6,1
2.01312E+12,2,4,0,18,0,1,1,0,0,0,3,1,6,1,5,249,1,4,3,1
2.01312E+12,1,9,0,3,0,1,0,0,0,0,2,1,6,2,5,1198,1,9,4,1
2.01312E+12,6,9,0,18,0,1,0,0,0,0,1,1,6,1,8,1397,1,5,-1,-1
2.01312E+12,1,9,0,9,0,6,0,0,0,0,3,1,6,1,11,2967,1,10,9,1
2.01312E+12,2,2,0,18,0,1,0,0,0,0,1,1,6,2,9,49,1,2,9,1
2.01312E+12,1,9,0,9,0,4,0,0,0,0,1,1,6,1,6,1598,1,-1,3,1
2.01312E+12,2,9,0,18,0,1,0,0,0,0,3,1,6,2,6,1598,1,-1,10,2
2.01312E+12,2,9,0,14,0,2,0,0,0,0,1,1,6,2,5,1598,1,7,7,3
2.01312E+12,1,9,0,18,0,0,0,0,0,0,1,1,6,1,9,1796,1,2,7,1
2.01312E+12,1,8,0,18,0,8,0,0,0,0,1,1,1,1,10,1794,1,7,9,3
2.01312E+12,4,9,0,16,0,0,0,4,0,0,1,1,6,2,10,1598,1,6,-1,-1
2.01312E+12,2,9,0,13,0,0,0,0,0,0,4,1,6,2,7,1197,1,1,9,3
2.01312E+12,2,9,0,18,0,0,0,0,0,0,1,1,6,2,7,1598,1,9,7,1
2.01312E+12,1,9,0,18,0,2,0,0,0,0,4,1,6,2,7,1390,1,9,7,1
2.01312E+12,2,9,0,18,0,6,0,0,0,0,1,1,6,2,6,1242,1,10,6,1
2.01312E+12,1,9,0,5,0,4,0,0,0,0,3,1,1,1,8,1242,1,1,10,1
2.01312E+12,1,9,0,5,0,0,0,0,0,0,1,1,1,1,7,1895,1,13,6,1
2.01312E+12,1,4,0,18,0,7,0,0,0,0,1,1,2,1,4,125,1,-1,9,2
2.01312E+12,2,9,0,4,0,0,0,0,0,0,2,1,6,2,7,1596,1,14,4,1
2.01312E+12,1,9,0,1,0,0,0,0,0,0,2,1,6,1,8,1598,1,8,2,1
2.01312E+12,1,9,0,7,0,1,0,0,0,0,0,1,2,2,8,998,1,1,7,1
2.01312E+12,1,9,0,17,0,8,0,0,1,4,1,1,6,1,5,1124,1,6,8,1
2.01312E+12,2,2,0,9,0,6,0,0,0,0,3,1,1,2,4,49,1,5,7,1
2.01312E+12,1,9,0,18,0,0,0,0,0,0,4,1,1,1,10,1794,1,7,9,3
2.01312E+12,1,9,0,18,0,0,0,0,7,11,3,1,6,1,5,1796,1,8,7,1
2.01312E+12,1,9,0,5,0,4,0,0,0,0,1,1,6,2,11,1240,1,6,9,1
2.01312E+12,1,9,0,18,0,0,0,0,0,0,1,1,1,1,4,1124,1,10,3,1
2.01312E+12,1,9,0,5,0,0,1,0,0,0,1,1,6,2,6,1388,1,9,10,1
2.01312E+12,3,9,0,4,0,0,0,0,0,0,2,1,6,2,6,1598,1,1,6,1
2.01312E+12,1,9,0,18,0,0,0,0,0,0,1,1,6,2,7,1596,1,8,8,3
2.01312E+12,1,9,0,9,0,5,0,0,0,0,4,1,6,1,8,1328,1,7,9,1
2.01312E+12,2,4,0,18,0,0,0,0,0,0,1,1,1,1,5,124,1,7,6,1
2.01312E+12,1,9,0,18,0,0,0,0,0,0,1,1,2,2,9,1999,1,6,6,1
2.01312E+12,2,9,0,3,0,0,0,0,0,0,2,1,2,2,5,1199,1,10,9,1
2.01312E+12,1,9,0,18,0,0,0,0,0,0,4,1,2,2,9,998,1,8,8,3
2.01312E+12,1,9,0,18,0,0,0,0,0,0,1,1,6,2,6,1299,1,8,4,1
2.01312E+12,1,9,0,18,0,1,0,0,0,0,1,1,6,2,6,1596,1,5,6,1
2.01312E+12,1,9,0,9,0,5,0,0,0,0,1,1,6,2,7,1595,1,2,9,1
2.01312E+12,1,2,0,18,0,8,0,0,0,0,1,1,6,2,6,49,1,8,10,2
2.01312E+12,2,9,0,13,0,3,0,0,0,0,1,1,6,1,7,1796,1,12,4,1
2.01312E+12,2,9,0,18,0,0,0,0,0,0,1,1,6,2,4,1299,1,8,10,1