Acc_Index,Vehicle_Reference,Vehicle_Type,Towing_and_Articulation,Vehicle_Manoeuvre,Vehicle_Location-Restricted_Lane,Junction_Location,Skidding_and_Overturning,Hit_Object_in_Carriageway,Vehicle_Leaving_Carriageway,Hit_Object_off_Carriageway,1st_Point_of_Impact,Was_Vehicle_Left_Hand_Drive?,Journey_Purpose_of_Driver,Sex_of_Driver,Age_Band_of_Driver,Engine_Capacity_(CC),Propulsion_Code,Age_of_Vehicle,Driver_IMD_Decile,Driver_Home_Area_Type
2.01312E+12,1,9,0,18,0,0,2,0,1,9,4,1,6,1,9,1999,1,7,10,1
2.01312E+12,2,9,0,9,0,6,0,0,0,0,1,1,1,2,9,1124,1,7,9,1
2.01412E+12,1,9,0,9,0,8,0,0,0,0,4,1,6,2,9,1598,1,15,10,1
2.01412E+12,2,5,0,5,0,8,0,0,0,0,1,1,1,1,6,599,1,15,8,1
2.01412E+12,2,9,0,17,0,0,1,0,0,0,1,1,1,1,9,1364,1,4,3,1
2.01412E+12,1,9,0,18,0,1,0,0,0,0,1,1,6,2,10,1149,1,10,7,3
2.01412E+12,1,9,0,9,0,1,0,0,0,0,3,1,6,1,9,1242,1,7,-1,-1
2.01412E+12,2,2,0,18,0,1,0,0,0,0,1,1,6,1,5,49,1,10,8,1
2.01412E+12,2,9,0,18,0,1,1,0,7,0,0,1,2,1,6,1124,1,13,10,2
2.01412E+12,2,2,0,18,4,1,0,0,0,0,1,1,6,1,4,49,1,1,7,1
2.01412E+12,1,9,0,18,0,4,0,0,0,0,1,1,1,2,8,1598,1,4,6,1
2.01412E+12,1,2,0,18,0,0,1,0,0,0,3,1,1,2,6,49,1,2,6,1
2.01412E+12,1,3,0,18,0,1,0,0,0,0,1,1,1,1,5,125,1,2,2,1
2.01412E+12,2,9,0,18,0,4,0,0,0,0,3,1,6,1,10,1989,1,10,10,1
2.01412E+12,2,9,0,7,0,3,0,0,0,0,4,1,6,2,8,1360,1,13,4,1
2.01412E+12,2,9,0,7,0,6,0,0,0,0,3,1,6,1,5,1596,1,12,4,1
2.01412E+12,1,9,0,3,0,0,0,0,0,0,3,1,6,1,8,1796,1,14,8,1
2.01412E+12,1,9,0,9,0,0,0,0,0,0,1,1,1,1,8,1149,1,1,8,1
2.01412E+12,2,2,0,18,0,0,0,0,0,0,3,1,1,1,4,49,1,13,9,1
2.01412E+12,1,9,0,18,0,0,0,0,0,0,3,1,6,2,7,1598,1,11,4,1
2.01412E+12,2,9,0,18,0,0,0,0,0,0,4,1,6,1,5,1595,1,17,1,1
2.01412E+12,1,9,0,7,0,2,0,0,0,0,4,1,6,1,7,2493,1,16,7,1
2.01412E+12,2,9,0,5,0,4,0,0,0,0,4,1,6,1,6,1598,1,13,5,1
2.01412E+12,1,9,0,9,0,3,0,0,0,0,3,1,6,1,8,1242,1,2,9,2
2.01412E+12,1,9,0,4,0,0,0,0,0,0,2,1,6,2,8,1124,1,12,6,1
2.01412E+12,2,9,0,18,0,1,0,0,0,0,1,1,6,2,9,1240,1,11,7,1
2.01412E+12,1,9,0,4,0,1,0,0,0,0,2,1,1,1,7,1299,1,7,8,3
2.01412E+12,2,9,0,4,0,1,0,0,0,0,2,1,1,2,6,1242,1,11,1,1
2.01412E+12,2,9,0,5,0,2,0,0,0,0,1,1,6,1,6,1598,1,4,10,1
2.01412E+12,1,9,0,18,0,0,0,0,0,0,1,1,6,1,6,1598,1,12,6,1
2.01412E+12,1,9,0,10,0,1,0,0,1,0,2,1,6,2,7,1598,1,13,-1,-1
2.01412E+12,2,9,0,18,0,1,1,0,0,0,1,1,6,2,5,1391,1,19,10,1
2.01412E+12,3,9,0,18,0,1,0,0,0,0,3,1,6,2,5,1598,1,11,8,3
2.01412E+12,2,9,0,18,0,8,0,0,0,0,1,1,6,2,7,1587,1,28,9,1
2.01412E+12,1,9,0,18,0,4,0,0,0,0,1,1,6,1,11,1242,1,10,10,1
2.01412E+12,2,9,0,4,0,1,0,0,0,0,2,1,6,2,7,1242,1,2,6,1
2.01412E+12,1,3,0,18,0,1,1,0,0,0,4,1,6,1,6,125,1,4,2,1
2.01412E+12,2,9,0,5,0,6,0,0,0,0,1,1,6,2,7,973,1,14,4,1
2.01412E+12,1,9,0,5,0,8,0,0,0,0,1,1,3,1,6,1796,1,14,-1,-1
2.01412E+12,1,9,0,7,0,0,0,0,0,0,4,1,6,2,4,998,1,7,9,1
2.01412E+12,1,9,0,18,0,1,0,0,0,0,1,1,6,1,11,698,1,9,9,2
2.01412E+12,2,9,0,4,0,0,0,0,0,0,1,1,6,1,4,1389,1,13,9,1
2.01412E+12,1,2,0,18,0,4,0,0,0,0,3,1,1,2,9,124,1,1,8,3
2.01412E+12,1,9,0,18,0,1,0,0,0,0,1,1,6,1,6,1796,1,14,8,2
2.01412E+12,1,9,0,18,0,2,0,0,0,0,4,1,2,2,6,2996,1,2,6,1
2.01412E+12,1,9,0,18,0,6,0,0,3,0,1,1,6,2,5,1149,1,11,3,1
2.01412E+12,2,9,0,18,0,1,0,0,3,0,1,1,2,1,5,1229,1,7,10,1
2.01412E+12,1,9,0,7,9,5,0,0,2,10,1,1,6,1,7,1997,1,22,10,1
2.01412E+12,2,9,0,18,0,0,0,0,1,3,2,1,6,1,6,1242,1,13,6,1
2.01412E+12,1,9,0,5,0,1,0,0,0,0,1,1,6,2,5,998,1,4,3,2
2.01412E+12,1,8,0,9,0,6,1,0,0,0,3,1,6,1,8,1798,1,7,2,1
2.01412E+12,1,9,0,18,0,4,0,0,1,9,3,1,6,1,5,973,1,13,4,1
2.01412E+12,2,9,0,7,0,6,0,0,0,0,1,1,6,1,6,1598,1,9,7,1
2.01412E+12,1,9,0,18,0,4,0,0,0,0,1,1,1,2,7,1360,1,5,8,1
2.01412E+12,2,9,0,4,0,0,0,0,0,0,2,1,6,1,10,1999,1,3,9,1
2.01412E+12,1,9,0,9,0,8,0,0,0,0,3,1,6,1,10,1339,1,-1,10,2
2.01412E+12,1,9,0,4,0,0,0,0,0,0,1,1,6,2,6,1339,1,2,10,1
2.01412E+12,2,9,0,9,0,1,0,0,0,0,3,1,6,1,6,2496,1,12,6,1
2.01412E+12,1,9,0,3,0,4,0,0,0,0,2,1,1,2,8,1999,1,8,9,1
2.01412E+12,1,9,0,9,0,1,0,0,0,0,4,1,3,2,8,1299,1,16,1,1
2.01412E+12,1,9,0,4,0,0,0,0,0,0,2,1,1,2,4,1149,1,12,7,1
2.01412E+12,1,9,0,2,0,1,0,0,0,0,3,1,1,1,8,1798,1,7,9,1
2.01412E+12,2,9,0,5,0,1,0,0,0,0,1,1,6,1,8,1242,1,12,9,2
2.01412E+12,1,9,0,17,0,8,5,0,0,0,3,1,6,2,5,1229,1,6,4,1
2.01412E+12,2,9,0,8,0,8,0,0,0,0,0,1,2,1,7,1598,1,18,10,1
2.01412E+12,2,9,0,5,0,4,0,0,1,0,1,1,6,2,9,998,1,2,8,1
2.01412E+12,1,9,0,18,0,1,0,0,0,0,1,1,6,1,5,1400,1,7,8,1
2.01412E+12,2,9,0,9,0,6,0,0,0,0,3,1,6,2,9,1948,1,12,-1,3
2.01412E+12,1,9,0,3,0,1,0,0,0,0,1,1,6,1,8,1124,1,11,9,2
2.01412E+12,2,9,0,3,0,1,0,0,0,0,2,1,6,1,9,1796,1,12,10,2
2.01412E+12,3,9,0,3,0,1,0,0,0,0,2,1,6,1,4,1390,1,9,2,1
2.01412E+12,2,9,0,3,0,4,0,0,0,0,2,1,6,2,9,1388,1,7,9,3
2.01412E+12,1,2,0,4,0,1,1,0,0,0,0,1,6,2,4,49,1,3,9,1
2.01412E+12,1,9,0,18,0,0,1,0,0,0,3,1,6,2,7,505,1,11,4,1
2.01412E+12,2,9,0,9,0,5,0,0,0,0,1,1,2,1,9,1995,1,7,9,3
2.01412E+12,2,9,0,18,0,4,0,0,0,0,1,1,2,1,8,1398,1,14,4,1
2.01412E+12,2,9,0,18,0,0,0,0,1,4,1,1,6,2,7,1199,1,15,9,1
2.01412E+12,1,9,0,17,0,0,0,0,1,11,1,1,6,1,4,1796,1,11,7,3
2.01412E+12,1,9,0,18,0,0,0,0,0,0,1,1,6,1,9,1598,1,6,7,3
2.01412E+12,1,9,0,4,0,1,0,0,0,0,1,1,6,1,6,1598,1,14,2,1
2.01412E+12,1,9,0,1,6,2,0,0,0,0,2,1,6,2,5,998,1,11,-1,-1
2.01412E+12,1,9,0,5,0,1,0,0,0,0,1,1,6,1,5,1299,1,10,5,1
2.01412E+12,2,2,0,18,0,1,1,0,1,0,3,1,2,1,9,49,1,3,6,1
2.01412E+12,2,9,0,16,0,0,0,0,0,0,3,1,6,2,6,1242,1,8,10,1
2.01412E+12,2,9,0,9,0,1,0,0,0,0,3,1,2,2,8,1598,1,5,7,2
2.01412E+12,2,9,0,3,0,4,0,0,0,0,0,1,6,2,5,1598,1,5,4,2
2.01412E+12,2,9,0,4,0,1,0,0,0,0,1,1,6,2,5,973,1,16,4,1
2.01412E+12,1,9,0,4,0,0,0,0,0,0,2,1,6,2,8,1598,1,2,8,1
2.01412E+12,1,9,0,1,0,0,0,0,0,0,2,1,6,2,5,998,1,2,2,1
2.01412E+12,2,9,0,4,0,1,0,0,0,0,1,1,6,2,8,2198,1,13,2,1
2.01412E+12,1,9,0,9,0,5,0,0,0,0,1,1,2,1,7,1749,1,10,-1,-1
2.01412E+12,1,9,0,1,9,8,0,0,7,11,2,1,6,2,8,1364,1,8,1,1
2.01412E+12,1,9,0,4,0,1,0,10,0,10,1,1,6,1,8,5439,1,9,8,1
2.01412E+12,2,9,0,5,0,6,0,0,0,0,1,1,6,2,9,1998,1,10,10,1
2.01412E+12,2,9,0,3,0,1,0,0,0,0,2,1,6,2,7,1149,1,12,3,1
2.01412E+12,3,9,0,3,0,1,0,0,0,0,2,1,6,2,6,1498,1,9,7,1
2.01412E+12,4,9,0,3,0,1,0,0,0,0,2,1,6,1,8,1598,1,14,1,1
2.01412E+12,1,9,0,18,0,0,0,0,0,0,1,1,1,1,8,1998,1,5,10,2
2.01412E+12,1,9,0,7,0,1,0,0,0,0,2,1,6,1,10,998,1,1,8,3
2.01412E+12,2,9,0,1,0,5,0,0,0,0,2,1,6,1,10,1398,1,3,7,1
2.01412E+12,1,4,0,4,0,5,1,0,1,3,1,1,6,2,8,498,1,17,8,1
2.01412E+12,1,5,0,18,0,8,1,0,7,0,0,1,6,1,6,1078,1,5,10,1
2.01412E+12,1,9,0,4,0,0,1,0,0,0,3,1,1,1,6,1598,1,11,10,1
2.01412E+12,4,9,0,4,0,0,1,0,0,0,1,1,1,1,6,1242,1,5,10,1
2.01412E+12,1,9,0,4,0,0,0,0,0,0,2,1,1,2,7,1339,1,9,9,2
2.01412E+12,2,9,0,4,0,0,0,0,0,0,2,1,6,1,9,1796,1,14,1,3
2.01412E+12,3,9,0,4,0,0,0,0,0,0,2,1,6,2,8,1388,1,3,9,1
2.01412E+12,4,9,0,4,0,0,0,0,0,0,1,1,6,2,8,1598,1,8,10,1
2.01412E+12,2,3,0,18,0,2,0,0,1,0,4,1,6,1,9,1037,1,-1,8,3
2.01412E+12,1,9,0,18,0,1,0,4,0,0,4,1,6,2,5,1975,1,12,5,1
2.01412E+12,2,5,0,16,0,0,1,0,7,0,1,1,6,1,6,1170,1,-1,7,3
2.01412E+12,1,5,0,13,0,1,0,0,7,0,1,1,6,1,6,849,1,18,10,3
2.01412E+12,2,9,0,9,0,2,0,0,0,0,3,1,6,1,6,1242,1,7,1,1
2.01412E+12,1,2,0,18,0,0,0,0,0,0,1,1,1,1,6,125,1,2,6,1
2.01412E+12,1,9,0,18,0,3,0,0,0,0,2,1,2,2,6,1587,1,8,3,1
2.01412E+12,1,2,0,18,0,3,0,0,0,0,0,1,6,1,5,49,1,11,8,1
2.01412E+12,2,9,0,4,0,0,0,0,0,0,1,1,6,1,8,1731,1,17,9,2
2.01412E+12,1,3,0,13,0,0,0,0,0,0,4,1,6,1,4,125,1,-1,4,1
2.01412E+12,2,9,0,18,0,1,0,0,0,0,1,1,6,1,4,1229,1,4,3,1
2.01412E+12,2,9,0,3,0,0,0,0,0,0,3,1,6,1,10,2198,1,8,9,3
2.01412E+12,3,9,0,18,0,0,0,0,0,0,1,1,2,1,5,1242,1,10,10,1
2.01412E+12,1,9,0,9,0,4,0,0,0,0,1,1,2,2,8,1364,1,7,6,1
2.01412E+12,1,2,0,18,0,0,1,0,0,0,1,1,4,1,4,49,1,3,7,3
2.01412E+12,1,9,0,5,0,1,0,0,0,0,1,1,6,1,8,1498,1,8,3,1
2.01412E+12,1,5,0,18,0,0,0,0,0,0,4,1,2,1,5,749,1,17,9,1
2.01412E+12,2,9,0,5,0,0,0,0,0,0,1,1,6,2,4,1598,1,10,10,1
2.01412E+12,2,9,0,18,0,6,0,0,0,0,1,1,6,1,4,1124,1,13,3,1
2.01412E+12,1,5,0,18,0,8,1,10,0,0,4,1,6,1,7,781,1,11,3,2
2.01412E+12,1,9,0,18,0,4,0,0,0,0,3,1,6,1,11,1590,1,10,8,1
2.01412E+12,1,5,0,18,0,0,1,0,0,0,0,1,6,2,8,1584,1,7,10,2
2.01412E+12,1,9,0,18,9,0,0,0,1,0,1,1,6,1,7,1793,1,11,7,1
2.01412E+12,1,9,0,5,0,8,0,0,0,0,4,1,6,1,8,1242,1,15,2,1
2.01412E+12,1,9,0,17,0,0,0,0,0,6,4,1,6,1,4,1598,1,8,10,2
2.01412E+12,1,9,0,15,0,0,0,0,0,0,4,1,1,1,7,1598,1,5,5,3
2.01412E+12,2,9,0,18,0,1,0,0,2,11,1,1,6,1,5,3498,1,16,9,1
2.01412E+12,1,9,0,18,0,0,0,0,0,0,2,1,2,1,4,973,1,12,8,2
2.01412E+12,2,9,0,3,0,0,0,0,0,0,1,1,6,1,7,1596,1,2,7,2
2.01412E+12,1,4,0,14,0,0,1,0,0,0,4,1,6,1,7,599,1,13,8,1
2.01412E+12,3,9,0,2,0,0,0,0,0,0,4,1,6,1,8,1796,1,13,5,1
2.01412E+12,1,3,0,7,0,4,0,0,0,0,3,1,6,1,4,123,1,6,8,1
2.01412E+12,1,9,0,7,0,0,0,0,0,0,3,1,6,2,7,1364,1,4,5,1
2.01412E+12,1,9,0,18,0,8,0,0,0,0,1,1,6,1,8,1999,1,7,5,1
2.01412E+12,2,9,0,18,0,8,0,0,0,0,2,1,2,1,6,1598,1,11,1,1
2.01412E+12,1,9,0,16,0,0,2,0,1,6,0,1,2,2,7,1242,1,9,2,1
2.01412E+12,1,9,0,18,0,1,0,0,0,0,3,1,6,2,9,1124,1,12,3,1
2.01412E+12,1,9,0,5,0,2,0,0,0,0,3,1,2,1,6,1839,1,11,9,1
2.01412E+12,1,9,0,9,0,8,0,0,0,0,4,1,6,2,9,1598,1,11,7,1
2.01412E+12,1,9,0,14,0,0,0,0,0,0,0,1,6,1,8,1206,1,2,2,1
2.01412E+12,1,9,0,4,0,1,0,0,0,0,0,1,6,1,9,1398,1,4,8,1
2.01412E+12,2,5,0,18,0,2,0,0,0,0,1,1,2,1,8,1198,1,4,6,2
2.01412E+12,2,9,0,4,0,1,0,0,0,0,2,1,6,1,6,1299,1,12,1,1
2.01412E+12,4,9,0,4,0,1,0,0,0,0,2,1,6,1,9,1994,1,8,5,3
2.01412E+12,1,9,0,16,0,1,1,0,0,0,1,1,6,1,6,1149,1,9,10,3
2.01412E+12,3,8,0,3,0,1,0,0,0,0,2,1,6,1,9,1794,1,8,10,3
2.01412E+12,1,9,0,18,0,0,0,0,0,0,1,1,3,1,6,2171,1,10,4,1
2.01412E+12,1,9,0,10,0,2,0,0,0,0,3,1,2,2,7,1998,1,10,10,2
2.01412E+12,2,9,0,4,0,0,1,0,0,0,1,1,2,1,7,1598,1,11,3,1
2.01412E+12,2,5,0,18,0,1,1,0,0,0,1,1,6,1,9,1450,1,9,10,1
2.01412E+12,1,9,0,4,0,1,0,0,0,0,0,1,6,2,6,1390,1,7,9,1
2.01412E+12,1,9,0,4,0,1,0,0,0,0,4,1,6,2,8,1998,1,9,5,1
2.01412E+12,2,9,0,18,0,0,0,0,0,0,1,1,6,1,7,1389,1,11,2,1
2.01412E+12,1,9,0,4,0,0,0,0,0,0,2,1,6,1,7,1396,1,10,5,1
2.01412E+12,3,9,0,4,0,0,0,0,0,0,1,1,6,1,8,2324,1,11,2,1
2.01412E+12,1,9,0,5,0,2,0,0,0,0,4,1,6,2,7,1598,1,10,9,1
2.01412E+12,1,9,0,4,0,1,0,0,0,0,3,1,2,2,7,1242,1,2,9,1
2.01412E+12,1,9,0,17,0,4,0,0,0,0,3,1,1,2,9,1198,1,11,8,3
2.01412E+12,1,9,0,18,0,0,1,0,0,0,1,1,1,2,4,1199,1,12,4,1
2.01412E+12,2,9,0,15,0,0,0,0,0,0,4,1,6,1,6,1242,1,2,9,1
2.01412E+12,1,9,0,9,0,8,0,0,0,0,4,1,6,1,10,1124,1,10,4,3
2.01412E+12,1,9,0,18,0,1,0,0,0,0,3,1,1,2,5,998,1,-1,2,1
2.01412E+12,1,9,0,18,0,0,0,0,0,0,1,1,1,1,6,1598,1,13,3,1
2.01412E+12,1,9,0,11,0,0,0,0,0,0,1,1,6,1,6,1390,1,5,2,1
2.01412E+12,2,9,0,18,0,0,5,0,1,0,3,1,6,2,6,1198,1,-1,10,1
2.01412E+12,3,9,0,18,0,0,0,0,0,0,0,1,6,1,5,1799,1,4,7,1
2.01412E+12,1,9,0,18,0,0,0,0,0,0,1,1,6,1,11,1399,1,10,1,1
2.01412E+12,2,9,0,18,0,0,0,0,0,0,2,1,6,1,8,999,1,-1,3,1
2.01412E+12,1,9,0,4,0,1,0,0,0,0,0,1,6,1,6,1984,1,-1,4,1
2.01412E+12,1,9,0,17,0,0,1,0,0,0,2,1,6,1,5,2965,1,34,5,3
2.01412E+12,2,9,0,18,0,0,0,0,0,0,1,1,6,2,6,998,1,13,6,1
2.01412E+12,1,3,0,4,0,4,0,10,7,0,1,1,6,2,4,125,1,4,6,3
2.01412E+12,1,9,0,5,0,3,0,0,0,0,3,1,1,2,9,1124,1,10,6,1
2.01412E+12,1,9,0,4,0,0,0,0,0,0,2,1,6,2,9,1999,1,6,9,1
2.01412E+12,2,9,0,7,0,1,0,0,0,0,2,1,6,2,8,998,1,13,9,1
2.01412E+12,2,3,0,18,0,1,0,0,0,0,4,1,1,1,4,100,1,16,7,1
2.01412E+12,2,9,0,18,0,0,0,0,0,0,4,1,2,2,6,1390,1,8,1,1
2.01412E+12,1,9,0,18,0,0,0,0,5,6,2,1,6,1,8,1796,1,12,2,1
2.01412E+12,2,9,0,18,0,0,0,0,0,0,1,1,1,1,9,999,1,2,10,2
2.01412E+12,4,9,0,4,0,1,0,0,0,0,1,1,6,1,9,1596,1,10,5,1
2.01412E+12,1,9,0,18,0,0,5,7,0,0,1,1,6,2,6,1242,1,12,7,1
2.01412E+12,1,9,0,3,0,4,0,0,0,0,1,1,6,1,9,1197,1,1,8,2
2.01412E+12,2,9,0,3,0,4,0,0,0,0,2,1,6,1,10,1390,1,4,8,3
2.01412E+12,1,5,0,18,0,0,1,10,1,7,4,1,6,1,9,885,1,15,10,1
2.01412E+12,1,5,0,16,0,0,0,0,0,0,1,1,6,1,8,999,1,7,9,2
2.01412E+12,2,9,0,17,0,0,0,0,1,0,3,1,6,2,8,998,1,2,10,2
2.01412E+12,1,5,0,16,0,0,1,0,0,11,1,1,6,1,6,1000,1,10,6,1
2.01412E+12,1,9,0,9,0,2,0,0,0,0,1,1,6,1,8,998,1,14,10,1
2.01412E+12,1,9,0,18,0,1,0,0,7,0,4,1,2,2,8,1988,1,10,10,1
2.01412E+12,2,9,0,9,0,2,0,0,0,0,1,1,6,2,11,1229,1,3,2,1
2.01412E+12,1,2,0,18,0,0,1,0,0,0,4,1,6,2,4,49,1,3,10,1
2.01412E+12,1,9,0,3,0,3,0,0,0,0,4,1,2,2,6,1396,1,4,4,1
2.01412E+12,1,9,0,7,0,5,1,0,7,11,1,1,6,2,5,1198,1,6,10,1
2.01412E+12,1,9,0,18,0,8,0,0,1,10,2,1,2,2,9,1988,1,14,9,1
2.01412E+12,1,2,0,18,0,0,0,0,0,0,0,1,1,2,4,50,1,-1,10,1
2.01412E+12,1,9,0,18,0,1,0,0,0,0,3,1,6,2,8,1198,1,6,2,1
2.01412E+12,2,9,0,18,0,1,0,0,0,0,1,1,6,2,7,1299,1,10,10,2
2.01412E+12,2,5,0,18,0,0,0,0,0,0,4,1,2,1,8,675,1,4,8,1
2.01412E+12,1,9,0,4,0,0,0,0,0,0,1,1,6,1,10,1598,1,7,9,1
2.01412E+12,1,9,0,16,0,0,1,0,1,6,3,1,6,1,5,1360,1,9,4,1
2.01412E+12,1,5,0,9,0,3,1,0,0,0,4,1,2,1,6,599,1,14,10,1
2.01412E+12,2,9,0,5,0,4,0,0,0,0,1,1,6,1,8,1699,1,8,9,1
2.01412E+12,1,3,0,18,0,0,0,0,0,0,1,1,1,1,5,85,1,15,-1,-1
2.01412E+12,2,9,0,6,0,0,0,0,0,0,3,1,6,1,8,4196,1,9,8,2
2.01412E+12,1,9,0,17,0,0,0,0,1,9,4,1,6,1,6,998,1,1,9,1
2.01412E+12,1,9,0,17,0,0,2,0,1,0,1,1,6,1,4,1587,1,13,10,1
2.01412E+12,1,3,0,18,0,0,0,0,1,11,0,1,6,1,7,124,1,-1,-1,1
2.01412E+12,1,9,0,2,0,0,0,0,0,0,2,1,6,1,7,1390,1,15,3,1
2.01412E+12,1,9,0,17,0,0,1,0,1,9,1,1,6,1,8,1988,1,15,10,2
2.01412E+12,1,9,0,7,0,0,0,0,0,0,4,1,6,1,4,1149,1,12,-1,-1
2.01412E+12,1,9,0,18,0,0,0,0,1,4,1,1,6,2,10,1339,1,-1,9,2
2.01412E+12,1,8,0,18,0,0,0,0,0,0,4,1,1,1,8,1796,1,6,10,1
2.01412E+12,1,9,0,7,0,6,0,0,0,0,1,1,1,1,8,998,1,1,8,1
2.01412E+12,1,9,0,17,0,0,1,10,8,2,1,1,6,1,6,1781,1,13,3,1
2.01412E+12,2,9,0,2,0,0,0,0,0,0,2,1,6,3,-1,1364,1,5,7,1
2.01412E+12,1,9,0,18,0,0,0,0,4,6,1,1,6,2,6,1399,1,8,10,1
2.01412E+12,2,9,0,9,0,8,0,0,0,0,1,1,6,1,7,1242,1,16,-1,-1
2.01412E+12,1,9,0,18,0,4,0,0,0,0,2,1,6,1,4,1587,1,10,7,1
2.01412E+12,2,9,0,18,0,4,0,0,0,0,1,1,6,1,4,998,1,1,5,1
2.01412E+12,1,3,0,16,0,8,1,0,0,0,4,1,6,2,5,100,1,8,4,1
2.01412E+12,1,5,0,14,0,1,0,0,0,0,4,1,6,1,9,805,1,17,3,1
2.01412E+12,1,9,0,3,0,1,0,0,0,0,1,1,2,2,5,1242,1,2,7,1
2.01412E+12,1,9,0,7,0,1,0,0,0,0,1,1,6,1,5,1598,1,7,8,2
2.01412E+12,1,9,0,18,0,1,0,0,0,0,2,1,6,1,7,1591,1,1,10,1
2.01412E+12,1,9,0,13,0,1,0,0,0,0,1,1,6,1,4,1197,1,3,8,1
2.01412E+12,1,9,0,17,0,0,0,0,0,0,3,1,6,2,5,2099,1,11,9,1
2.01412E+12,1,9,0,18,0,2,0,0,0,0,4,1,6,2,7,1498,1,3,-1,-1
2.01412E+12,2,9,0,18,0,1,0,0,0,0,1,1,6,1,10,1997,1,3,10,2
2.01412E+12,1,9,0,18,0,0,5,0,0,0,3,1,6,2,7,1368,1,4,9,1
2.01412E+12,2,9,0,5,0,0,0,0,0,0,3,1,6,1,6,2495,1,13,2,1
2.01412E+12,1,2,0,9,0,8,1,0,0,0,0,1,6,1,4,49,1,7,6,1
2.01412E+12,1,2,0,4,0,1,1,0,0,0,4,1,6,1,4,49,1,1,9,3
2.01412E+12,1,9,0,17,0,0,1,0,0,0,4,1,6,1,4,1199,1,13,9,1
2.01412E+12,2,9,0,16,0,0,0,0,0,0,1,1,6,2,7,1197,1,2,8,1
2.01412E+12,2,3,0,18,0,1,0,0,0,0,1,1,6,2,4,124,1,13,9,2
2.01412E+12,1,9,0,5,0,0,0,0,0,0,3,1,1,2,6,1388,1,9,2,1
2.01412E+12,2,3,0,4,0,4,1,0,0,0,1,1,6,1,5,125,1,-1,7,1
2.01412E+12,1,2,0,18,0,3,0,0,0,0,2,1,6,2,4,125,1,4,5,1
2.01412E+12,2,3,0,14,0,0,0,0,0,0,1,1,2,1,6,124,1,5,3,1
2.01412E+12,1,3,0,18,0,1,0,0,1,0,1,1,1,1,6,125,1,1,10,1
2.01412E+12,2,9,0,7,0,5,0,0,0,0,4,1,6,2,7,1198,1,2,9,1
2.01412E+12,1,2,0,9,0,6,1,0,0,0,3,1,2,2,4,49,1,-1,2,1
2.01412E+12,1,9,0,2,0,0,0,0,0,0,1,1,6,2,8,1198,1,3,10,2
2.01412E+12,1,9,0,16,0,0,0,0,0,11,1,1,6,1,4,1389,1,16,7,1
2.01412E+12,1,9,0,5,0,4,0,0,0,0,0,1,1,1,7,1498,1,8,6,1
2.01412E+12,1,9,0,4,0,4,2,9,0,0,1,1,6,1,4,1999,1,9,7,3
2.01412E+12,1,9,0,18,0,1,0,0,0,0,1,1,6,1,8,1598,1,9,2,1
2.01412E+12,1,9,0,18,0,0,0,0,0,0,1,1,6,2,10,998,1,4,9,1
2.01412E+12,1,9,0,7,0,4,0,0,0,0,1,1,6,2,9,1769,1,12,9,1
2.01412E+12,1,9,0,18,0,1,0,0,0,0,1,1,6,1,8,1086,1,3,4,1
2.01412E+12,1,5,0,4,0,1,0,0,0,0,4,1,6,1,9,675,1,-1,10,1
2.01412E+12,1,9,0,18,0,0,0,0,1,6,1,1,2,2,6,1242,1,8,3,2
2.01412E+12,1,9,0,18,0,8,2,0,1,1,1,1,6,1,5,1390,1,14,8,2
2.01412E+12,1,9,0,18,0,8,0,0,0,0,1,1,6,2,6,1229,1,6,7,2
2.01412E+12,1,9,0,7,0,1,1,0,7,7,3,1,6,2,4,973,1,13,1,1
2.01412E+12,1,9,0,9,0,8,0,0,0,0,4,1,6,2,7,1149,1,11,-1,1
2.01412E+12,2,9,0,7,0,8,0,0,0,0,4,1,1,1,10,1591,1,5,8,1
2.01412E+12,1,2,0,18,0,0,0,0,0,0,1,1,2,1,8,50,1,-1,8,3
2.01412E+12,1,9,0,7,0,1,0,0,0,0,1,1,2,1,4,998,1,14,3,1
2.01412E+12,1,9,0,18,0,0,0,0,0,0,1,1,6,2,4,998,1,12,7,1
2.01412E+12,1,3,0,17,0,0,0,0,0,0,0,1,1,1,6,124,1,-1,2,1
2.01412E+12,1,9,0,16,0,8,0,0,0,0,1,1,1,2,9,1998,1,8,8,3
2.01412E+12,2,9,0,9,0,1,0,0,0,0,1,1,2,2,7,1390,1,12,7,1
2.01412E+12,1,9,0,18,0,0,0,0,0,0,1,1,6,1,4,1598,1,12,7,1
2.01412E+12,1,9,0,9,0,5,0,0,0,0,1,1,6,1,4,1368,1,8,10,2
2.01412E+12,1,9,0,9,0,5,0,0,0,0,1,1,6,1,10,1389,1,16,9,1