Acc_Index,Vehicle_Reference,Vehicle_Type,Towing_and_Articulation,Vehicle_Manoeuvre,Vehicle_Location-Restricted_Lane,Junction_Location,Skidding_and_Overturning,Hit_Object_in_Carriageway,Vehicle_Leaving_Carriageway,Hit_Object_off_Carriageway,1st_Point_of_Impact,Was_Vehicle_Left_Hand_Drive?,Journey_Purpose_of_Driver,Sex_of_Driver,Age_Band_of_Driver,Engine_Capacity_(CC),Propulsion_Code,Age_of_Vehicle,Driver_IMD_Decile,Driver_Home_Area_Type
2.01412E+12,1,9,0,18,0,4,0,0,0,0,1,1,6,1,6,1390,1,13,5,1
2.01412E+12,1,9,0,9,0,8,0,0,0,0,3,1,2,1,7,1796,1,9,-1,-1
2.01412E+12,1,9,0,18,0,1,0,0,0,0,1,1,6,2,9,1229,1,8,10,2
2.01412E+12,1,9,0,7,0,1,0,0,0,0,1,1,6,1,5,1598,1,1,5,1
2.01412E+12,1,9,0,9,0,2,0,0,0,0,3,1,6,1,6,1598,1,9,3,1
2.01412E+12,1,9,0,5,0,1,0,0,0,0,1,1,6,1,10,1598,1,10,3,1
2.01412E+12,2,9,0,18,0,1,0,0,0,0,4,1,6,1,8,1399,1,5,2,1
2.01412E+12,1,3,0,18,0,3,1,0,0,0,0,1,6,1,4,124,1,4,6,1
2.01412E+12,2,9,0,9,0,1,0,0,0,0,3,1,6,1,8,1598,1,12,4,1
2.01412E+12,2,5,0,18,0,1,0,0,0,0,1,1,2,1,8,582,1,13,9,2
2.01412E+12,2,9,0,9,0,6,0,0,0,0,1,1,6,1,10,1988,1,13,9,3
2.01412E+12,1,9,0,18,0,0,0,0,0,0,1,1,2,1,5,2497,1,9,10,1
2.01412E+12,1,2,0,18,0,1,1,4,0,0,1,1,2,1,4,49,1,7,10,1
2.01412E+12,1,9,0,9,0,6,0,0,0,0,4,1,2,1,9,1229,1,8,10,2
2.01412E+12,1,9,0,9,0,2,0,0,0,0,1,1,1,1,9,3248,1,15,6,1
2.01412E+12,1,9,0,9,0,1,0,0,0,0,4,1,6,3,5,1596,1,15,7,3
2.01412E+12,2,9,0,18,0,4,0,0,0,0,1,1,6,1,9,1794,1,12,9,1
2.01412E+12,1,9,0,18,9,1,0,0,0,0,3,1,6,1,6,1362,1,2,-1,1
2.01412E+12,1,9,0,9,0,1,0,0,0,0,4,1,6,2,4,1229,1,1,5,2
2.01412E+12,1,9,0,18,0,1,0,0,0,0,2,1,6,2,8,1396,1,6,7,1
2.01412E+12,2,9,0,18,0,1,0,0,0,0,1,1,6,2,9,1388,1,5,5,1
2.01412E+12,1,9,0,5,0,4,0,0,0,0,3,1,6,2,8,999,1,1,10,1
2.01412E+12,1,9,0,18,0,4,0,0,0,0,1,1,6,2,9,1199,1,13,6,1
2.01412E+12,1,9,0,18,0,0,0,0,0,0,1,1,6,2,10,1328,1,4,10,3
2.01412E+12,4,9,0,18,0,0,0,0,0,0,2,1,6,1,6,998,1,13,3,1
2.01412E+12,5,9,0,18,0,0,0,0,0,0,1,1,6,2,8,1349,1,4,7,2
2.01412E+12,1,9,0,12,0,0,1,0,0,0,1,1,6,2,6,1598,1,9,9,1
2.01412E+12,2,9,0,16,0,0,0,0,0,0,1,1,6,2,4,1598,1,3,10,1
2.01412E+12,1,9,0,7,0,3,0,0,0,0,4,1,2,1,6,1248,1,2,7,1
2.01412E+12,1,9,0,5,9,0,0,0,0,11,1,1,6,2,11,1389,1,9,8,2
2.01412E+12,1,9,0,3,0,1,0,0,0,0,2,1,2,2,6,1598,1,12,2,1
2.01412E+12,1,9,0,3,0,1,0,0,0,0,2,1,6,2,7,1388,1,13,4,1
2.01412E+12,1,9,0,9,0,6,0,0,0,0,3,1,2,2,8,1999,1,10,7,1
2.01412E+12,1,9,0,9,0,6,0,0,0,0,3,1,6,1,6,998,1,2,9,1
2.01412E+12,1,9,0,18,0,8,0,0,7,11,2,1,6,1,10,1587,1,9,8,3
2.01412E+12,1,9,0,9,0,1,0,0,0,0,1,1,6,1,5,2496,1,10,10,1
2.01412E+12,2,9,0,17,0,3,0,0,0,0,4,1,6,1,9,996,1,1,10,1
2.00512E+12,3,19,0,17,0,0,0,0,0,0,3,1,15,1,8,2402,2,2,-1,-1
2.00512E+12,3,9,0,17,0,8,0,0,0,0,3,1,15,1,7,2179,2,3,-1,-1
2.00512E+12,1,9,0,5,0,4,0,0,0,0,1,1,15,1,9,1870,2,3,-1,-1
2.00512E+12,1,9,0,9,0,1,0,0,0,0,0,1,1,2,-1,1896,2,2,-1,-1
2.00512E+12,3,19,0,16,0,0,1,0,0,0,0,1,1,1,4,1868,2,3,-1,-1
2.00512E+12,2,9,0,18,0,1,1,0,5,0,3,1,2,1,6,1753,2,8,-1,-1
2.00512E+12,1,8,0,9,0,1,0,0,0,0,1,1,15,1,9,1998,2,3,-1,-1
2.00512E+12,1,19,0,18,0,0,0,0,0,0,0,1,15,1,7,1997,2,2,-1,-1
2.00512E+12,1,21,1,11,0,8,0,0,0,0,1,1,1,1,7,10308,2,2,-1,-1
2.00512E+12,3,9,0,18,0,1,0,0,0,0,1,1,1,1,9,2148,2,2,-1,-1
2.00512E+12,1,11,0,18,0,0,0,0,0,0,1,1,1,1,6,7300,2,3,-1,-1
2.00512E+12,1,11,0,9,0,5,0,0,0,0,1,1,1,1,9,5480,2,4,-1,-1
2.00512E+12,2,9,0,3,0,0,0,0,0,0,2,1,2,2,5,1896,2,1,-1,-1
2.00512E+12,1,9,0,2,0,0,0,0,0,0,3,1,15,1,8,1905,2,9,-1,-1
2.00512E+12,3,9,0,18,0,8,0,0,0,0,1,1,15,1,6,1753,2,9,-1,-1
2.00512E+12,1,9,0,14,0,0,0,0,0,0,1,1,2,2,7,1997,2,1,-1,-1
2.00512E+12,1,19,0,18,0,1,0,0,0,0,1,1,15,1,7,2299,2,7,-1,-1
2.00512E+12,1,8,0,6,0,5,0,0,0,0,4,1,1,1,9,1994,2,8,-1,-1
2.00512E+12,1,19,0,18,0,1,0,0,0,0,3,1,15,1,7,2151,2,4,-1,-1
2.00512E+12,2,8,0,9,0,8,0,0,0,0,4,1,15,1,9,1994,2,2,-1,-1
2.00512E+12,3,17,0,18,0,0,0,0,0,0,2,1,3,1,9,-1,2,8,-1,-1
2.00512E+12,1,9,0,18,0,0,0,0,0,0,1,1,2,1,8,1870,2,2,-1,-1
2.00512E+12,3,9,0,18,0,0,0,0,0,0,2,1,15,1,6,1753,2,8,-1,-1
2.00512E+12,1,9,0,13,0,1,1,0,0,0,0,1,15,1,5,1995,2,5,-1,-1
2.00512E+12,2,9,0,9,0,1,0,0,0,10,0,1,2,1,7,2495,2,2,-1,-1
2.00512E+12,1,21,1,18,0,1,0,0,0,0,1,1,1,1,8,11705,2,1,-1,-1
2.00512E+12,5,9,0,3,0,1,0,0,0,0,0,1,15,1,7,1364,2,2,-1,-1
2.00512E+12,2,8,0,18,0,0,0,0,0,0,2,1,1,1,7,1998,2,4,-1,-1
2.00512E+12,1,11,0,18,0,0,2,0,0,0,1,1,1,1,7,7300,2,3,-1,-1
2.00512E+12,1,11,0,4,0,1,1,0,0,0,0,1,1,1,6,7300,2,3,-1,-1
2.00512E+12,1,21,0,5,0,0,0,0,0,0,4,1,1,1,8,6370,2,3,-1,-1
2.00512E+12,1,19,0,9,0,8,0,0,0,0,3,1,2,1,6,2402,2,3,-1,-1
2.00512E+12,1,9,0,12,0,0,0,0,0,0,2,1,15,1,4,1527,2,9,-1,-1
2.00512E+12,1,9,0,18,0,0,0,0,0,0,4,1,15,1,7,1360,2,12,-1,-1
2.00512E+12,1,11,0,4,0,0,0,0,0,0,0,1,1,1,10,9600,2,7,-1,-1
2.00512E+12,1,11,0,7,0,7,0,0,0,0,2,1,1,1,8,7300,2,3,-1,-1
2.00512E+12,2,11,0,7,0,7,0,0,0,0,1,1,1,1,7,7300,2,3,-1,-1
2.00512E+12,3,9,0,9,0,7,0,0,0,0,0,1,1,1,6,1896,2,5,-1,-1
2.00512E+12,2,21,0,18,0,6,1,0,0,0,1,1,1,1,6,5958,2,8,-1,-1
2.00512E+12,3,9,0,3,0,0,0,0,0,0,1,1,2,1,6,1997,2,4,-1,-1
2.00512E+12,3,9,0,8,0,1,0,0,0,0,3,1,15,1,7,3100,2,13,-1,-1
2.00512E+12,2,9,0,18,0,0,0,0,0,6,2,1,2,2,6,1870,2,2,-1,-1
2.00512E+12,2,9,0,4,0,0,0,0,0,0,2,1,15,2,7,2993,2,2,-1,-1
2.00512E+12,4,19,0,3,0,0,0,0,0,0,2,1,1,1,8,1753,2,1,-1,-1
2.00512E+12,1,11,0,15,0,0,0,0,0,0,0,1,1,1,8,7300,2,4,-1,-1
2.00512E+12,1,11,0,18,0,8,0,0,0,0,3,1,1,1,7,7300,2,4,-1,-1
2.00512E+12,1,8,0,4,0,1,0,10,0,0,3,1,1,1,7,1997,2,2,-1,-1
2.00512E+12,2,9,0,18,0,0,0,0,0,0,0,1,1,1,7,2982,2,2,-1,-1
2.00512E+12,2,9,0,18,0,4,0,0,0,0,2,1,1,2,6,1997,2,1,-1,-1
2.00512E+12,1,20,0,9,0,1,0,0,0,0,1,1,1,1,8,4250,2,4,-1,-1
2.00512E+12,1,9,0,5,0,0,0,0,0,0,4,1,2,1,6,1997,2,2,-1,-1
2.00512E+12,2,9,0,3,0,2,0,0,0,0,1,1,2,2,7,2664,2,6,-1,-1
2.00512E+12,1,9,0,18,0,0,2,7,5,7,2,1,15,1,7,1461,2,1,-1,-1
2.00512E+12,1,9,0,11,0,1,0,0,0,0,4,1,15,1,4,1868,2,4,-1,-1
2.00512E+12,1,9,0,16,0,0,0,0,0,0,1,1,15,1,6,1527,2,9,-1,-1
2.00512E+12,3,9,0,9,0,6,0,0,0,0,0,1,15,1,7,1896,2,2,7,1
2.00512E+12,2,11,0,2,0,0,0,0,0,0,0,1,1,1,9,7300,2,4,-1,-1
2.00512E+12,2,17,0,18,0,0,0,0,0,0,1,1,1,1,9,-1,2,15,-1,-1
2.00512E+12,1,9,0,18,0,0,0,0,1,9,3,1,1,1,8,1870,2,3,-1,-1
2.00512E+12,1,9,0,5,0,1,0,0,1,10,1,1,15,2,6,1905,2,7,-1,-1
2.00512E+12,1,9,0,10,0,1,0,0,1,0,1,1,15,1,4,1896,2,4,10,3
2.00512E+12,2,9,0,5,0,4,0,0,0,0,1,1,2,2,6,1870,2,10,-1,-1
2.00512E+12,2,11,0,18,0,8,0,0,0,0,4,1,1,1,8,7300,2,3,-1,-1
2.00512E+12,1,9,0,18,0,1,0,0,0,0,1,1,2,1,8,1896,2,-1,-1,-1
2.00512E+12,1,11,0,4,3,0,0,0,0,5,1,1,1,1,7,5480,2,4,-1,-1
2.00512E+12,1,19,0,5,0,6,0,0,0,0,1,1,1,1,8,1686,2,2,-1,-1
2.00512E+12,2,9,0,18,0,8,0,0,1,10,3,1,2,2,7,1900,2,7,-1,-1
2.00512E+12,1,19,0,9,0,1,0,0,0,0,2,1,15,1,7,2496,2,11,-1,-1
2.00512E+12,2,9,0,18,0,1,0,0,0,0,1,1,15,1,7,2996,2,6,-1,-1
2.00512E+12,1,9,0,18,0,0,0,0,0,2,1,1,15,1,7,1910,2,-1,-1,-1
2.00512E+12,1,19,0,9,0,8,0,0,0,0,3,1,1,1,9,2400,2,2,-1,-1
2.00512E+12,2,11,0,18,0,8,1,0,0,0,1,1,1,1,7,-1,2,18,-1,-1
2.00512E+12,1,9,0,18,9,2,0,0,1,0,1,1,15,1,5,1686,2,3,-1,-1
2.00512E+12,1,21,0,18,0,0,0,-1,1,4,1,1,1,1,6,5880,2,-1,-1,-1
2.00512E+12,1,11,0,18,0,0,0,0,0,0,0,1,1,2,7,7300,2,3,-1,-1
2.00512E+12,1,11,0,18,5,6,0,0,0,0,1,1,1,2,6,7300,2,3,-1,-1
2.00512E+12,2,8,0,9,0,1,0,0,0,0,3,1,1,1,9,1997,2,3,-1,-1
2.00512E+12,1,9,0,18,0,1,1,0,0,0,1,1,15,1,10,1905,2,12,-1,-1
2.00512E+12,1,9,0,18,0,4,0,0,0,0,1,1,15,1,6,1910,2,6,-1,-1
2.00512E+12,1,19,0,18,0,1,0,0,0,0,1,1,1,1,5,1998,2,1,-1,-1
2.00512E+12,3,20,0,10,0,1,0,0,0,0,0,1,1,1,7,-1,2,10,-1,-1
2.00512E+12,2,9,0,18,0,0,0,0,0,0,2,1,1,1,7,1988,2,-1,-1,-1
2.00512E+12,1,9,0,18,0,1,1,10,7,10,4,1,15,2,6,1868,2,6,-1,-1
2.00512E+12,1,9,0,2,0,0,0,0,0,0,0,1,15,1,8,2495,2,16,-1,-1
2.00512E+12,2,19,0,2,0,2,0,0,0,0,0,1,1,1,7,1995,2,1,-1,-1
2.00512E+12,1,9,0,4,0,0,0,0,0,0,1,1,15,1,8,1896,2,2,-1,-1
2.00512E+12,1,9,0,5,0,8,0,0,0,0,4,1,2,1,9,1995,2,3,-1,-1
2.00512E+12,1,9,0,18,0,1,0,0,0,0,1,1,15,1,4,2495,2,8,-1,-1
2.00512E+12,1,19,0,13,0,0,0,0,0,0,4,1,1,1,8,2151,2,2,-1,-1
2.00512E+12,1,21,0,18,0,1,0,0,0,0,1,1,1,1,6,275,2,11,3,1
2.00512E+12,1,11,0,7,0,2,0,0,0,0,4,1,1,1,7,7300,2,-1,-1,-1
2.00512E+12,3,17,4,18,0,0,0,0,1,0,2,1,1,1,7,-1,2,9,-1,-1
2.00512E+12,1,9,0,18,0,6,0,0,0,0,1,1,15,1,7,1753,2,10,-1,-1
2.00512E+12,1,9,0,4,0,1,0,0,0,0,1,1,3,2,6,1995,2,-1,-1,-1
2.00512E+12,1,21,1,9,0,8,5,0,1,2,4,1,1,1,5,12130,2,4,-1,-1
2.00512E+12,1,9,0,3,0,1,0,0,0,0,2,1,2,1,7,1994,2,2,-1,-1
2.00512E+12,2,19,0,3,0,1,0,0,0,0,2,1,2,1,7,2400,2,2,-1,-1
2.00512E+12,2,11,0,7,0,1,0,0,0,0,0,1,1,1,6,5480,2,4,7,3
2.00512E+12,1,9,0,17,0,8,0,0,0,0,3,1,15,1,4,1997,2,4,-1,-1
2.00512E+12,1,11,0,18,0,0,0,0,0,0,4,1,1,2,6,7300,2,4,-1,-1
2.00512E+12,2,9,0,18,0,0,1,0,1,2,3,1,15,1,9,1995,2,2,-1,-1
2.00512E+12,2,17,0,18,0,0,5,0,1,1,3,1,15,1,7,5958,2,14,-1,-1
2.00512E+12,1,11,0,5,0,0,0,0,0,0,1,1,1,1,6,-1,2,5,-1,-1
2.00512E+12,2,9,0,4,0,1,0,0,0,0,2,1,2,2,6,1700,2,11,-1,-1
2.00512E+12,1,9,0,18,0,1,0,0,0,0,1,1,2,2,4,1910,2,6,-1,-1
2.00512E+12,1,19,0,14,0,0,0,0,0,0,4,1,15,2,6,1905,2,10,-1,-1
2.00512E+12,2,11,0,2,0,0,0,0,0,0,3,1,1,1,7,5480,2,4,-1,-1
2.00512E+12,2,9,0,4,0,1,0,0,0,0,2,1,15,1,6,1753,2,12,-1,-1
2.00512E+12,1,9,0,18,0,1,1,0,0,0,1,1,1,1,5,1753,2,3,8,1
2.00512E+12,1,11,0,17,0,8,0,0,0,0,1,1,1,1,7,7300,2,3,-1,-1
2.00512E+12,1,19,0,2,0,0,0,0,0,0,3,1,1,1,9,2874,2,7,8,3
2.00512E+12,2,9,0,18,0,1,1,0,0,0,1,1,1,2,5,1870,2,7,6,1
2.00512E+12,3,9,0,3,0,2,0,0,0,0,2,1,2,1,6,1896,2,-1,-1,-1
2.00512E+12,2,19,0,18,0,0,0,0,0,0,0,1,1,1,6,2463,2,-1,-1,-1
2.00512E+12,1,9,0,9,0,6,0,0,7,0,3,1,1,1,8,1986,2,-1,3,1
2.00512E+12,2,9,0,18,0,1,1,0,0,0,1,1,1,2,6,1997,2,4,7,1
2.00512E+12,2,9,0,3,0,2,0,0,0,0,2,1,1,2,5,1997,2,4,6,1
2.00512E+12,3,19,0,3,0,1,0,0,0,0,2,1,1,1,7,1910,2,2,-1,-1
2.00512E+12,2,9,0,4,0,3,0,0,0,0,2,1,15,2,6,1753,2,4,9,1
2.00512E+12,2,21,1,18,0,0,1,0,0,0,1,1,1,1,7,12130,2,11,6,3
2.00512E+12,1,9,0,9,0,5,0,0,0,0,3,1,1,1,7,1995,2,2,-1,-1
2.00512E+12,2,19,0,2,0,0,0,0,0,0,1,1,2,1,7,2499,2,5,-1,-1
2.00512E+12,2,9,0,18,0,0,0,0,0,0,2,1,15,1,7,1870,2,-1,3,1
2.00512E+12,1,9,0,18,0,0,0,10,7,5,1,1,15,1,9,2461,2,6,9,1
2.00512E+12,3,9,0,3,0,0,0,0,0,0,3,1,2,1,4,1868,2,6,3,1
2.00512E+12,1,9,0,4,0,1,0,0,0,0,3,1,15,1,8,1995,2,1,8,1
2.00512E+12,1,9,0,4,0,1,0,0,0,0,1,1,15,2,9,1686,2,12,9,1
2.00512E+12,2,21,1,18,0,0,0,0,0,0,1,1,1,1,9,12130,2,1,7,1
2.00512E+12,2,9,0,18,0,0,2,0,1,0,4,1,15,1,9,1997,2,1,-1,-1
2.00512E+12,1,8,0,18,0,0,0,0,0,0,1,1,1,1,9,1896,2,11,-1,-1
2.00512E+12,1,9,0,5,0,8,0,0,0,0,1,1,1,2,6,1560,2,1,9,1
2.00512E+12,2,21,0,18,0,8,1,0,1,9,1,1,2,1,6,11116,2,1,-1,-1
2.00512E+12,3,9,0,3,0,0,0,0,0,0,2,1,2,1,7,1995,2,1,7,2
2.00512E+12,1,20,0,9,0,1,0,0,0,0,1,1,1,1,6,3920,2,-1,4,1
2.00512E+12,1,9,0,16,0,0,1,0,8,10,3,1,2,2,5,2494,2,-1,9,2
2.00512E+12,1,8,0,18,0,0,0,0,0,0,1,1,1,1,8,1753,2,6,10,2
2.00612E+12,2,21,1,18,0,8,0,0,0,0,1,1,1,1,7,11705,2,4,2,1
2.00612E+12,1,9,0,18,0,0,0,0,0,0,2,1,15,1,5,1753,2,7,-1,-1
2.00612E+12,1,21,1,18,0,1,0,0,0,0,1,1,1,1,8,11021,2,2,-1,-1
2.00612E+12,2,21,0,18,0,8,0,0,0,0,1,1,1,1,7,12600,2,8,-1,-1
2.00612E+12,1,9,0,18,0,0,0,0,0,0,1,1,2,1,10,1951,2,2,10,3
2.00612E+12,2,9,0,18,0,0,0,0,1,9,3,1,2,2,8,4164,2,5,8,3
2.00612E+12,1,9,0,3,0,1,0,0,0,0,2,1,2,2,7,1968,2,1,8,2
2.00612E+12,1,9,0,3,0,1,0,0,0,0,3,1,15,1,11,1870,2,13,-1,-1
2.00612E+12,2,20,0,10,0,2,0,0,0,0,1,1,1,1,7,4250,2,2,-1,-1
2.00612E+12,1,10,0,18,0,0,0,0,0,0,1,1,15,1,9,3972,2,12,-1,-1
2.00612E+12,1,9,0,9,0,8,0,0,0,0,1,1,2,2,6,2000,2,1,9,1
2.00612E+12,2,20,0,1,0,1,0,0,0,0,2,1,1,1,9,-1,2,4,9,1
2.00612E+12,1,19,0,9,0,6,0,0,0,0,1,1,15,1,6,1998,2,2,2,1
2.00612E+12,1,9,0,5,0,6,0,0,0,0,0,1,15,1,7,1910,2,1,-1,-1
2.00612E+12,1,9,0,5,0,4,0,0,0,0,1,1,15,1,8,1461,2,4,9,2
2.00612E+12,2,11,0,9,0,4,0,0,0,0,0,1,1,1,5,5480,2,5,2,2
2.00612E+12,2,9,0,18,0,1,0,0,1,0,2,1,15,1,7,1998,2,3,1,1
2.00612E+12,1,9,0,3,0,1,0,0,0,0,1,1,15,1,9,1896,2,3,10,1
2.00612E+12,2,9,0,18,0,1,0,0,1,0,4,1,15,1,6,2204,2,-1,10,2
2.00612E+12,1,8,0,5,0,1,0,0,0,0,1,1,1,1,9,2148,2,1,-1,-1
2.00612E+12,1,9,0,7,0,2,0,0,0,0,1,1,15,2,8,1870,2,2,-1,-1
2.00612E+12,1,9,0,4,0,3,0,0,0,0,1,1,1,1,7,2184,2,8,10,1
2.00612E+12,1,9,0,18,0,0,0,0,0,0,1,1,15,3,-1,1753,2,11,-1,-1
2.00612E+12,1,9,0,9,0,5,0,0,0,0,1,1,15,1,7,1896,2,1,10,1
2.00612E+12,1,19,0,2,0,0,0,0,1,0,2,1,1,1,8,2477,2,3,8,3
2.00612E+12,1,9,0,18,0,4,0,0,0,0,1,1,1,1,6,1995,2,2,2,1
2.00612E+12,1,9,0,4,0,0,0,0,0,0,1,1,15,1,8,1461,2,1,-1,-1
2.00612E+12,1,19,0,18,0,0,1,0,2,7,1,1,15,1,4,2459,2,8,-1,-1
2.00612E+12,1,21,0,18,0,0,1,0,0,0,1,1,1,1,8,-1,2,10,5,1
2.00612E+12,3,20,0,3,0,0,0,0,0,0,2,1,1,1,7,3900,2,3,5,3
2.00612E+12,4,9,0,3,0,0,0,0,0,0,2,1,1,2,6,1896,2,3,8,3
2.00612E+12,2,19,0,16,0,1,0,0,1,9,3,1,1,1,4,2300,2,2,6,1
2.00612E+12,1,9,0,7,0,6,0,0,0,0,3,1,1,1,7,1896,2,8,-1,-1
2.00612E+12,2,19,0,2,0,1,0,0,0,0,3,1,1,1,8,1753,2,1,5,1
2.00612E+12,1,11,0,18,0,1,0,0,0,0,4,1,1,1,7,7300,2,4,9,1
2.00612E+12,1,9,0,10,0,6,0,0,0,0,1,1,15,2,6,1560,2,1,-1,-1
2.00612E+12,2,9,0,18,0,0,0,0,7,0,2,1,2,1,6,1997,2,7,10,1
2.00612E+12,1,11,0,5,0,1,0,0,0,0,1,1,1,2,7,7300,2,4,9,1
2.00612E+12,2,20,0,18,0,8,0,0,7,10,1,1,1,1,7,4580,2,4,1,1
2.00612E+12,2,8,0,3,0,1,0,0,0,0,3,1,1,1,-1,1753,2,10,-1,-1
2.00612E+12,3,19,0,3,0,1,0,0,0,0,3,1,1,1,7,2496,2,9,-1,-1
2.00612E+12,2,9,0,2,0,0,0,0,0,0,2,1,15,1,10,1995,2,-1,6,1
2.00612E+12,1,9,0,18,0,0,0,0,0,0,3,1,15,1,7,2874,2,2,-1,-1
2.00612E+12,2,19,0,18,0,0,0,0,0,0,1,1,1,1,9,1753,2,1,4,1
2.00612E+12,1,9,0,3,0,1,0,0,0,0,2,1,15,1,7,2685,2,3,10,2
2.00612E+12,1,9,0,9,0,1,0,0,0,0,1,1,15,2,10,2776,2,1,-1,-1
2.00612E+12,1,11,0,3,0,1,0,0,0,0,0,1,1,1,4,7300,2,1,10,2
2.00612E+12,1,19,0,9,0,6,0,0,7,0,4,1,2,1,5,1870,2,1,2,1
2.00612E+12,1,11,0,4,0,0,0,0,0,0,3,1,1,1,8,7300,2,5,4,1
2.00612E+12,2,9,0,1,0,1,0,0,0,0,4,1,1,1,4,1951,2,5,6,1
2.00612E+12,1,11,0,4,9,0,0,0,7,0,1,1,1,1,7,7300,2,4,-1,-1
2.00612E+12,2,9,0,5,0,4,0,0,0,0,2,1,15,1,6,1896,2,2,8,1
2.00612E+12,1,9,0,18,0,1,1,0,0,0,1,1,3,1,7,1997,2,4,4,1
2.00612E+12,2,19,0,10,0,1,0,0,0,0,2,1,1,1,6,2494,2,3,4,1
2.00612E+12,1,21,1,18,0,1,0,0,0,0,1,1,1,1,7,5861,2,11,10,2
2.00612E+12,1,11,0,4,0,8,0,0,0,0,0,1,1,1,9,5480,2,5,8,3
2.00612E+12,1,9,0,5,0,0,0,0,0,0,4,1,2,2,8,1910,2,1,10,3
2.00612E+12,2,9,0,2,0,0,0,0,0,0,3,1,15,2,-1,1686,2,1,-1,-1
2.00612E+12,1,9,0,9,0,6,0,0,0,0,1,1,15,1,9,1896,2,2,4,1
2.00612E+12,1,9,0,3,0,0,1,0,0,0,2,1,15,1,9,2204,2,2,7,3
2.00612E+12,2,9,0,3,0,0,1,0,0,0,2,1,15,1,-1,1997,2,4,-1,-1
2.00612E+12,2,9,0,18,0,0,0,0,0,0,2,1,15,2,7,1870,2,5,9,1
2.00612E+12,1,9,0,9,0,1,0,0,0,0,4,1,1,1,8,1753,2,8,-1,-1
2.00612E+12,1,11,0,4,2,0,0,0,0,0,1,1,1,1,9,5480,2,5,10,2
2.00612E+12,2,19,0,18,0,1,0,0,0,0,2,1,1,1,4,2299,2,8,2,1
2.00612E+12,2,21,0,9,0,8,0,0,0,0,3,1,1,1,7,4250,2,1,3,1
2.00612E+12,1,9,0,5,0,1,0,0,0,0,1,1,15,1,7,1896,2,4,-1,-1
2.00612E+12,2,9,0,7,0,2,0,0,0,0,4,1,2,2,6,1998,2,3,6,3
2.00612E+12,1,21,0,5,0,6,0,0,0,0,2,1,1,1,7,9364,2,2,-1,-1
2.00612E+12,2,21,0,2,0,2,0,0,0,0,4,1,1,1,6,-1,2,6,-1,-1
2.00612E+12,1,9,0,18,0,0,0,0,1,9,1,1,1,1,6,1896,2,2,-1,-1
2.00612E+12,1,19,0,7,0,8,0,0,0,0,4,1,15,1,-1,1753,2,6,-1,-1
2.00612E+12,2,9,0,10,0,1,0,0,0,0,0,1,15,1,8,1997,2,5,10,2
2.00612E+12,4,19,0,18,0,1,0,0,7,0,4,1,1,1,7,2464,2,3,7,2
2.00612E+12,1,9,0,18,0,0,0,0,0,0,2,1,15,3,-1,1686,2,12,-1,-1
2.00612E+12,1,19,0,4,0,0,0,0,0,0,2,1,1,1,8,1753,2,1,-1,-1
2.00612E+12,3,21,0,4,0,0,0,0,0,0,4,1,1,1,9,6871,2,6,-1,-1
2.00612E+12,1,9,0,18,0,0,0,0,0,0,4,1,15,1,7,1951,2,3,-1,-1
2.00612E+12,1,9,0,1,0,1,0,0,0,0,2,1,15,1,6,1905,2,13,2,1
2.00612E+12,2,21,1,18,0,8,0,0,0,0,1,1,1,1,6,11000,2,5,-1,-1
2.00612E+12,1,9,0,7,0,6,0,0,0,0,3,1,15,1,9,1753,2,1,4,1
2.00612E+12,1,9,0,7,0,6,0,0,0,0,1,1,15,1,9,1753,2,1,4,1
2.00612E+12,2,9,0,18,0,0,0,0,0,0,2,1,15,1,8,1753,2,4,3,1
2.00612E+12,1,9,0,9,0,0,0,0,0,0,1,1,15,1,5,1527,2,8,-1,-1
2.00612E+12,2,9,0,9,0,1,1,0,0,0,1,1,15,1,-1,2179,2,5,-1,-1
2.00612E+12,1,9,0,9,0,8,0,0,0,0,3,1,2,1,8,1753,2,6,10,1
2.00612E+12,1,19,0,7,0,1,0,0,0,0,4,1,1,1,5,1905,2,5,-1,-1
2.00612E+12,1,19,0,5,0,1,0,0,0,0,3,1,1,1,11,2494,2,9,-1,-1
2.00612E+12,1,9,0,5,0,7,0,0,0,0,0,1,15,1,6,1870,2,-1,8,3
2.00612E+12,1,19,0,18,0,0,0,0,0,0,1,1,1,1,7,2494,2,1,9,2
2.00612E+12,2,19,0,12,0,0,0,0,0,0,1,1,1,1,5,1686,2,4,-1,-1
2.00612E+12,1,9,0,18,0,1,1,7,0,10,3,1,2,1,6,1753,2,6,-1,-1
2.00612E+12,2,19,0,18,0,1,0,0,0,0,1,1,1,1,6,2463,2,2,-1,-1