Acc_Index,Vehicle_Reference,Vehicle_Type,Towing_and_Articulation,Vehicle_Manoeuvre,Vehicle_Location-Restricted_Lane,Junction_Location,Skidding_and_Overturning,Hit_Object_in_Carriageway,Vehicle_Leaving_Carriageway,Hit_Object_off_Carriageway,1st_Point_of_Impact,Was_Vehicle_Left_Hand_Drive?,Journey_Purpose_of_Driver,Sex_of_Driver,Age_Band_of_Driver,Engine_Capacity_(CC),Propulsion_Code,Age_of_Vehicle,Driver_IMD_Decile,Driver_Home_Area_Type
2.00712E+12,5,9,0,18,0,0,0,11,0,0,0,1,2,2,6,1560,2,1,8,3
2.00712E+12,8,9,0,18,0,0,0,11,0,0,2,1,2,1,6,1997,2,4,9,1
2.00712E+12,3,9,0,10,0,1,0,0,0,0,1,1,2,2,5,1905,2,10,9,1
2.00712E+12,1,9,0,18,0,1,0,0,0,0,1,1,15,1,9,1560,2,1,2,1
2.00712E+12,1,9,0,7,0,0,0,0,0,0,4,1,15,1,6,1968,2,-1,7,1
2.00712E+12,1,9,0,18,0,4,0,0,0,0,1,1,2,2,6,1896,2,8,5,3
2.00712E+12,1,9,0,10,0,8,0,0,0,0,1,1,2,1,8,1686,2,5,6,1
2.00712E+12,2,9,0,5,0,8,0,0,0,0,1,1,2,1,8,1896,2,6,10,1
2.00712E+12,2,9,0,4,0,1,0,0,0,0,2,1,15,1,7,1997,2,2,10,2
2.00712E+12,1,9,0,9,9,1,0,0,0,0,1,1,15,2,8,1997,2,4,6,1
2.00712E+12,2,9,0,2,0,0,0,0,0,0,2,1,15,1,5,1896,2,5,7,1
2.00712E+12,3,9,0,2,0,0,0,0,0,0,2,1,15,2,9,1951,2,4,7,3
2.00712E+12,1,9,0,8,0,1,0,0,0,0,2,1,15,1,10,1560,2,2,4,3
2.00712E+12,1,9,0,18,0,8,0,0,0,0,1,1,15,1,8,2982,2,-1,5,3
2.00712E+12,2,9,0,9,0,3,0,0,0,0,3,1,15,2,6,1997,2,4,8,2
2.00712E+12,2,9,0,18,0,0,0,0,0,0,1,1,15,1,11,2148,2,2,8,1
2.00812E+12,1,9,0,18,0,0,2,0,1,0,4,1,15,1,4,1994,2,12,9,1
2.00812E+12,1,9,0,8,0,4,0,0,1,0,2,1,15,1,7,1995,2,5,10,1
2.00812E+12,1,19,0,1,0,0,0,0,0,0,0,1,15,3,9,2499,2,9,8,1
2.00812E+12,1,19,0,18,0,2,0,0,0,0,3,1,15,1,5,2148,2,3,7,1
2.00812E+12,4,9,0,18,0,1,0,0,0,0,3,1,15,2,10,1997,2,3,10,1
2.00812E+12,1,9,0,10,0,1,0,0,0,0,1,1,15,2,8,1910,2,3,10,1
2.00812E+12,2,19,0,18,0,8,0,0,0,0,1,1,1,1,9,2151,2,4,9,1
2.00812E+12,1,9,0,9,0,4,0,0,0,0,3,1,15,1,8,1951,2,6,8,2
2.00812E+12,1,9,0,18,0,0,0,0,0,0,1,1,15,1,6,1995,2,1,9,1
2.00812E+12,3,9,0,18,0,0,0,0,0,0,1,1,15,1,6,2204,2,2,10,2
2.00812E+12,1,21,1,18,0,0,0,0,0,0,4,1,1,1,8,12130,2,6,-1,-1
2.00812E+12,2,11,0,7,0,8,0,0,0,0,0,1,1,1,-1,7300,2,2,-1,-1
2.00812E+12,2,9,0,18,0,0,0,0,0,0,1,1,15,1,7,1896,2,7,-1,-1
2.00812E+12,1,9,0,18,0,8,0,0,0,0,1,1,2,1,6,1986,2,1,6,3
2.00812E+12,2,20,0,13,0,1,0,0,0,0,4,1,1,3,-1,2402,2,7,-1,-1
2.00812E+12,1,9,0,9,0,1,0,0,0,0,4,1,1,1,8,1870,2,6,9,1
2.00812E+12,2,19,0,4,0,1,0,0,0,0,1,1,15,3,-1,2402,2,7,-1,-1
2.00812E+12,2,11,0,18,0,1,1,0,0,0,0,1,1,2,6,7300,2,3,9,3
2.00812E+12,3,9,0,4,0,1,0,0,0,0,2,1,15,2,7,1910,2,4,9,3
2.00812E+12,1,19,0,4,0,2,0,0,0,0,2,1,1,1,6,1870,2,4,2,1
2.00812E+12,1,9,0,6,0,0,0,0,0,0,3,1,1,2,8,1560,2,3,8,1
2.00812E+12,2,9,0,3,0,0,0,0,0,0,3,1,3,1,6,1997,2,10,9,3
2.00812E+12,1,9,0,16,0,0,0,0,7,0,3,1,15,1,6,1991,2,3,10,1
2.00812E+12,1,9,0,18,0,1,0,0,0,0,4,1,15,2,9,2170,2,4,9,2
2.00812E+12,1,9,0,18,0,0,0,0,0,0,4,1,1,2,6,2720,2,-1,7,3
2.00812E+12,1,9,0,7,0,5,0,0,1,0,2,1,15,1,6,1910,2,7,9,1
2.00812E+12,1,9,0,7,0,1,0,0,0,0,4,1,1,2,8,1248,2,3,6,1
2.00812E+12,1,9,0,16,8,8,0,0,0,0,1,1,15,1,7,1968,2,1,8,1
2.00812E+12,1,9,0,18,0,2,2,7,0,0,1,1,1,1,8,1896,2,12,3,1
2.00812E+12,1,9,0,4,0,1,0,0,0,0,2,1,15,2,8,1910,2,2,5,1
2.00812E+12,2,9,0,18,0,8,0,0,0,0,4,1,15,2,9,1870,2,4,10,2
2.00812E+12,1,19,0,3,9,0,0,0,0,0,1,1,15,1,9,1753,2,13,6,1
2.00812E+12,1,21,0,18,0,1,0,0,0,0,1,1,1,1,9,12900,2,1,9,2
2.00812E+12,2,9,0,10,0,1,0,0,0,0,2,1,1,1,9,1896,2,9,7,1
2.00812E+12,2,20,0,2,0,0,0,0,0,0,3,1,1,1,8,3990,2,7,3,1
2.00812E+12,1,21,1,18,0,0,1,0,0,0,1,1,1,1,9,6370,2,1,10,2
2.00812E+12,3,9,0,4,0,0,0,0,0,0,1,1,15,2,9,1700,2,8,10,1
2.00812E+12,4,9,0,4,0,0,0,0,0,0,1,1,2,1,9,1905,2,10,8,2
2.00812E+12,1,9,0,18,0,0,0,0,0,0,1,1,15,1,8,1896,2,7,5,1
2.00812E+12,1,9,0,18,0,6,0,0,0,0,3,1,15,1,6,1686,2,6,2,1
2.00812E+12,1,9,0,17,0,0,2,0,1,4,4,1,1,1,5,1686,2,4,6,1
2.00812E+12,3,9,0,18,0,0,0,0,0,0,1,1,15,1,8,1753,2,11,9,2
2.00812E+12,1,9,0,18,0,1,0,0,0,0,4,1,1,1,8,2985,2,1,10,2
2.00812E+12,2,11,0,18,0,3,0,0,0,0,0,1,1,1,9,7300,2,6,9,1
2.00812E+12,1,9,0,18,0,0,0,0,0,0,3,1,15,1,6,2401,2,1,-1,-1
2.00812E+12,1,21,0,12,0,0,0,0,0,0,2,1,1,1,5,-1,2,9,8,2
2.00812E+12,1,9,0,3,0,0,0,0,0,0,4,1,15,1,7,2720,2,2,10,1
2.00812E+12,1,9,0,3,0,1,0,0,0,0,3,1,2,1,7,1896,2,6,2,1
2.00812E+12,2,9,0,18,0,0,1,0,0,0,2,1,15,2,7,1896,2,10,-1,-1
2.00812E+12,1,9,0,16,0,0,1,0,7,10,3,1,15,1,4,1527,2,8,8,1
2.00812E+12,1,9,0,9,0,6,0,0,0,0,1,1,15,2,9,1995,2,7,9,1
2.00812E+12,2,9,0,2,0,0,0,0,0,0,2,1,15,1,7,1910,2,-1,2,1
2.00812E+12,1,9,0,1,9,0,0,0,0,0,2,1,15,2,8,1896,2,10,7,1
2.00812E+12,3,9,0,18,0,1,0,0,0,0,1,1,1,1,7,1753,2,1,8,1
2.00812E+12,1,8,0,7,0,1,0,0,0,0,3,1,1,1,9,2151,2,9,3,1
2.00812E+12,1,9,0,18,0,8,1,0,0,0,1,1,1,1,8,1995,2,-1,-1,-1
2.00812E+12,1,9,0,9,0,6,0,0,0,0,3,1,15,2,8,1896,2,1,8,3
2.00812E+12,1,9,0,9,0,8,0,0,0,0,4,1,15,1,4,2401,2,4,10,2
2.00812E+12,1,20,0,3,0,0,0,0,0,0,2,1,1,1,7,4250,2,5,1,1
2.00812E+12,1,9,0,18,0,8,0,0,0,0,1,1,15,1,5,1461,2,5,8,1
2.00812E+12,1,9,0,18,0,2,1,0,0,0,1,1,15,1,5,1753,2,8,2,1
2.00812E+12,1,21,0,5,0,6,0,0,0,0,1,1,1,1,7,9200,2,1,5,1
2.00812E+12,1,9,0,5,0,4,0,0,0,0,1,1,15,1,9,2231,2,1,-1,1
2.00812E+12,2,9,0,5,0,4,0,0,0,0,2,1,15,1,8,1997,2,1,10,1
2.00812E+12,3,19,0,4,0,0,0,0,0,0,2,1,1,1,9,1998,2,6,8,3
2.00812E+12,1,19,0,18,0,0,1,0,0,0,1,1,1,1,7,2500,2,1,2,1
2.00812E+12,2,19,0,18,0,0,0,0,0,0,2,1,1,1,6,1769,2,10,9,1
2.00812E+12,3,9,0,18,0,0,0,0,0,0,2,1,1,1,8,1910,2,2,9,1
2.00812E+12,1,9,0,9,0,5,0,0,0,0,1,1,15,1,10,1896,2,1,9,1
2.00812E+12,1,8,0,1,9,0,0,0,0,0,2,1,1,1,6,1997,2,-1,8,1
2.00812E+12,1,9,0,5,0,8,0,0,0,0,3,1,15,2,6,1871,2,4,9,1
2.00812E+12,2,9,0,18,0,8,0,0,0,0,2,1,15,2,8,1560,2,-1,7,3
2.00812E+12,1,9,0,18,0,1,0,0,0,0,1,1,1,2,6,1896,2,2,10,3
2.00812E+12,1,19,0,18,0,2,0,0,0,0,1,1,1,2,7,2148,2,2,6,1
2.00812E+12,1,11,0,5,0,0,0,0,0,0,0,1,1,1,9,7300,2,6,5,2
2.00812E+12,2,9,0,18,0,1,0,0,0,0,1,1,15,1,6,1686,2,3,4,1
2.00812E+12,1,11,0,18,0,2,0,0,0,0,0,1,15,1,9,9360,2,-1,2,1
2.00812E+12,1,9,0,18,0,0,0,4,0,0,2,1,15,2,7,1461,2,5,8,3
2.00812E+12,2,9,0,18,0,8,0,0,0,0,3,1,2,1,6,1995,2,2,8,2
2.00812E+12,1,9,0,18,0,5,1,0,0,0,1,1,1,1,5,1896,2,-1,10,2
2.00812E+12,1,17,0,9,0,5,0,0,0,0,4,1,2,1,9,-1,2,6,6,3
2.00812E+12,1,9,0,9,0,5,0,0,0,0,3,1,15,1,10,2996,2,9,10,2
2.00812E+12,2,9,0,6,0,0,0,0,0,0,3,1,15,2,6,2720,2,3,-1,-1
2.00812E+12,1,9,0,10,0,1,0,0,0,0,0,1,15,1,5,1896,2,5,9,1
2.00812E+12,1,9,0,18,0,1,0,0,0,0,1,1,2,1,7,1997,2,7,8,1
2.00812E+12,1,19,0,5,0,1,0,0,0,0,3,1,1,1,7,2299,2,10,-1,-1
2.00812E+12,1,8,0,10,0,1,0,0,0,0,1,1,1,1,6,1998,2,5,4,1
2.00812E+12,1,9,0,18,0,1,0,0,0,0,1,1,15,1,11,479,2,2,9,1
2.00812E+12,3,9,0,4,0,0,0,0,0,0,2,1,15,2,8,1461,2,3,7,1
2.00812E+12,1,9,0,7,0,6,0,0,0,0,3,1,15,1,10,2720,2,2,10,1
2.00812E+12,2,9,0,18,0,0,0,0,0,0,1,1,1,1,6,1527,2,13,3,1
2.00812E+12,1,9,0,18,0,0,1,0,1,0,1,1,15,2,7,1686,2,9,1,1
2.00812E+12,1,9,0,9,0,6,0,0,0,0,1,1,3,2,7,2470,2,16,9,1
2.00812E+12,1,9,0,18,0,0,1,0,1,3,1,1,15,1,7,1248,2,1,7,1
2.00812E+12,2,8,0,2,0,0,0,0,0,0,2,1,1,1,9,1896,2,4,9,1
2.00812E+12,1,9,0,4,0,8,1,0,0,0,1,1,15,1,8,1560,2,-1,2,1
2.00812E+12,3,9,0,10,0,1,0,0,0,0,2,1,15,1,7,1995,2,8,10,1
2.00812E+12,3,9,0,18,0,0,0,0,0,0,1,1,15,2,9,1997,2,6,5,3
2.00812E+12,2,9,0,18,0,0,0,0,0,0,1,1,15,2,6,1461,2,-1,8,2
2.00812E+12,2,9,0,18,0,0,0,0,0,0,3,1,15,1,8,1951,2,2,-1,-1
2.00812E+12,1,9,0,18,0,1,1,0,0,0,1,1,15,1,4,1905,2,11,9,2
2.00812E+12,1,9,0,3,0,0,0,0,0,0,2,1,1,1,9,1994,2,11,8,3
2.00812E+12,1,9,0,10,0,1,0,0,0,0,3,1,15,1,7,1896,2,7,10,2
2.00812E+12,1,19,0,17,0,0,0,0,0,0,4,1,1,1,5,2151,2,6,3,1
2.00812E+12,1,9,0,5,0,1,0,0,0,0,1,1,1,1,7,1997,2,-1,7,1
2.00812E+12,1,9,0,18,0,0,0,0,0,0,4,1,1,1,5,1896,2,-1,-1,-1
2.00812E+12,1,9,0,17,0,0,5,0,1,4,1,1,15,1,11,1399,2,5,4,1
2.00812E+12,1,9,0,5,0,4,0,0,0,0,1,1,1,1,8,1998,2,3,2,1
2.00812E+12,2,11,0,17,0,0,0,0,0,0,1,1,1,1,6,7300,2,-1,6,1
2.00812E+12,1,9,0,18,0,1,0,0,1,1,1,1,1,1,7,2495,2,4,10,2
2.00812E+12,1,9,0,18,0,1,0,0,0,0,1,1,2,1,6,1769,2,18,10,1
2.00812E+12,2,9,0,2,0,0,0,0,0,0,2,1,15,1,8,2401,2,2,-1,2
2.00812E+12,3,9,0,2,0,0,0,0,0,0,1,1,15,2,7,1248,2,5,8,1
2.00812E+12,1,9,0,18,0,8,0,0,0,0,1,1,15,2,5,1560,2,1,8,1
2.00812E+12,2,9,0,2,0,2,0,0,0,0,3,1,15,1,7,1753,2,14,7,1
2.00812E+12,1,9,0,5,0,0,0,0,0,0,0,1,15,2,4,1400,2,1,5,3
2.00812E+12,2,9,0,3,0,0,0,0,0,0,2,1,15,1,10,2179,2,-1,3,2
2.00812E+12,2,9,0,4,0,0,0,0,0,0,2,1,15,1,6,1995,2,5,3,1
2.00812E+12,2,9,0,18,0,0,0,0,0,0,2,1,15,1,7,1968,2,3,8,1
2.00812E+12,1,21,1,6,0,8,3,0,0,0,3,1,1,1,9,12130,2,5,1,1
2.00812E+12,1,20,0,18,0,1,1,0,1,0,1,1,1,1,7,6870,2,7,1,1
2.00812E+12,3,9,0,18,0,1,0,0,0,0,1,1,1,2,7,1399,2,3,7,3
2.00812E+12,2,11,0,18,0,1,0,0,0,0,0,1,1,1,7,7300,2,7,9,1
2.00812E+12,2,9,0,18,0,0,1,0,0,0,1,1,15,2,10,1896,2,10,8,3
2.00812E+12,2,9,0,13,0,0,0,0,0,0,0,1,15,1,4,1994,2,5,8,2
2.00812E+12,2,9,0,3,0,1,0,0,0,0,3,1,1,1,9,2987,2,1,10,1
2.00812E+12,1,9,0,3,0,4,0,0,0,0,2,1,15,1,6,1998,2,5,9,1
2.00812E+12,3,9,0,17,0,0,0,0,0,0,0,1,15,1,7,2497,2,2,9,2
2.00812E+12,1,9,0,16,0,0,2,0,1,7,2,1,15,1,8,1896,2,5,9,1
2.00812E+12,2,19,0,18,0,4,0,0,0,0,1,1,1,1,8,1870,2,5,5,1
2.00812E+12,1,9,0,4,0,1,1,0,0,0,1,1,15,2,8,1905,2,12,2,1
2.00812E+12,2,9,0,4,0,1,0,0,0,0,2,1,15,1,7,1870,2,1,7,1
2.00812E+12,2,19,0,18,0,8,0,0,0,0,1,1,1,1,8,1870,2,3,9,1
2.00812E+12,1,11,0,18,0,0,0,0,0,0,1,1,1,1,7,-1,2,8,2,1
2.00812E+12,1,9,0,5,0,5,0,0,0,0,3,1,15,1,10,1997,2,7,-1,-1
2.00812E+12,2,19,0,18,0,1,0,0,0,0,1,1,1,1,6,2187,2,5,9,1
2.00812E+12,1,8,0,13,0,1,0,0,0,0,0,1,15,3,-1,2460,2,1,-1,-1
2.00812E+12,2,11,0,18,0,1,0,0,0,0,0,1,1,1,7,7300,2,2,6,1
2.00812E+12,2,8,0,9,0,1,0,0,0,0,4,1,1,3,-1,1753,2,1,-1,-1
2.00812E+12,1,9,0,3,0,1,0,0,0,0,2,1,1,2,8,1461,2,4,7,1
2.00812E+12,1,9,0,18,0,8,0,0,0,0,1,1,1,2,7,2172,2,4,8,2
2.00812E+12,1,11,0,18,0,8,0,0,0,0,1,1,1,1,6,7300,2,2,3,1
2.00812E+12,1,11,0,18,0,0,0,0,0,0,4,1,1,1,6,7300,2,3,5,1
2.00812E+12,2,9,0,18,0,5,0,0,0,0,1,1,15,1,6,1686,2,5,9,2
2.00812E+12,1,9,0,6,0,8,0,0,0,0,4,1,15,1,7,1560,2,4,8,3
2.00812E+12,1,11,0,18,0,8,0,0,0,0,0,1,3,1,8,4250,2,3,9,1
2.00812E+12,1,9,0,7,0,8,0,0,0,0,4,1,15,1,5,1995,2,7,4,3
2.00812E+12,1,19,0,18,0,0,2,0,1,0,1,1,15,1,5,2184,2,11,1,1
2.00812E+12,2,9,0,2,6,0,0,0,0,0,1,1,15,1,7,1951,2,5,3,1
2.00812E+12,1,9,0,9,0,1,0,0,0,0,1,1,1,1,8,1998,2,4,2,1
2.00812E+12,1,21,0,18,0,0,0,0,0,0,1,1,1,1,6,12130,2,7,5,2
2.00812E+12,4,9,0,18,0,0,0,0,0,0,2,1,15,1,9,1991,2,1,8,3
2.00812E+12,2,9,0,5,0,1,0,0,0,0,2,1,15,2,7,2172,2,4,3,1
2.00812E+12,1,9,0,18,0,4,0,0,0,0,1,1,15,1,7,1951,2,4,2,1
2.00812E+12,1,19,0,9,0,5,0,0,0,0,4,1,1,1,7,2496,2,9,6,1
2.00812E+12,1,9,0,9,0,5,0,0,0,0,1,1,15,1,7,1968,2,2,-1,1
2.00812E+12,3,9,0,18,0,1,2,0,0,0,4,1,15,1,10,1998,2,7,5,1
2.00812E+12,1,21,1,9,0,8,5,0,1,2,4,1,1,1,7,12580,2,6,4,1
2.00812E+12,1,19,0,18,0,0,0,0,0,0,1,1,1,1,7,1998,2,3,1,1
2.00812E+12,2,9,0,4,0,0,0,0,0,0,2,1,2,1,7,1896,2,2,-1,-1
2.00812E+12,3,9,0,4,0,1,0,0,0,0,1,1,15,1,7,2401,2,5,8,2
2.00812E+12,5,19,0,3,0,1,0,0,0,0,0,1,1,1,7,2151,2,5,10,1
2.00812E+12,1,9,0,3,0,1,0,0,0,0,2,1,2,1,7,1968,2,1,10,1
2.00912E+12,1,9,0,9,0,5,0,0,1,0,4,1,2,1,9,1686,2,4,8,3
2.00912E+12,2,21,0,18,0,1,0,0,0,0,1,1,1,1,7,11946,2,2,8,2
2.00912E+12,1,9,0,9,0,8,0,0,0,0,3,1,3,2,5,2993,2,2,10,3
2.00912E+12,2,9,0,18,0,1,0,0,0,0,3,1,2,1,9,2204,2,4,10,2
2.00912E+12,3,9,0,18,0,1,0,0,0,0,3,1,2,1,7,2149,2,2,7,3
2.00912E+12,2,19,0,4,0,1,1,0,0,0,1,1,1,1,6,1364,2,3,10,1
2.00912E+12,1,8,0,18,0,0,0,0,0,0,1,1,1,1,6,2204,2,3,-1,-1
2.00912E+12,1,11,0,4,3,5,0,0,0,0,0,1,3,1,7,10000,2,16,7,1
2.00912E+12,1,9,0,3,0,4,0,0,0,0,1,1,15,2,6,1896,2,4,8,3
2.00912E+12,2,9,0,3,0,4,0,0,0,0,2,1,15,2,6,1753,2,2,8,1
2.00912E+12,1,9,0,3,0,1,0,0,0,0,2,1,1,2,6,1896,2,8,8,3
2.00912E+12,3,9,0,4,0,1,0,0,0,0,1,1,1,1,7,1461,2,3,6,3
2.00912E+12,2,9,0,18,0,8,0,0,7,0,1,1,15,2,9,1997,2,5,5,3
2.00912E+12,1,9,0,7,0,1,0,0,0,0,3,1,2,2,7,2993,2,4,5,1
2.00912E+12,1,11,0,18,0,8,0,0,0,0,1,1,1,1,8,7300,2,7,3,1
2.00912E+12,2,19,0,9,0,8,0,0,0,0,3,1,1,1,7,2402,2,5,4,1
2.00912E+12,1,9,0,1,0,6,0,0,0,0,3,1,15,2,7,1951,2,7,9,3
2.00912E+12,1,19,0,18,0,0,0,0,0,0,0,1,1,2,7,1997,2,5,3,1
2.00912E+12,2,9,0,18,0,0,0,0,4,6,1,1,1,1,9,1951,2,5,5,1
2.00912E+12,1,19,0,9,0,1,0,0,0,0,3,1,1,1,6,1870,2,5,6,1
2.00912E+12,2,9,0,4,0,1,0,0,0,0,1,1,15,2,6,1997,2,5,8,3
2.00912E+12,1,11,0,5,3,4,0,7,0,1,0,1,15,1,6,4250,2,4,1,1
2.00912E+12,2,19,0,3,0,0,0,0,0,0,2,1,1,1,5,2299,2,10,7,3
2.00912E+12,1,9,0,18,0,0,0,12,0,0,1,1,15,1,7,1968,2,1,10,1
2.00912E+12,1,20,4,18,0,8,0,0,0,0,4,1,1,1,8,4751,2,5,6,2
2.00912E+12,1,11,0,5,0,1,0,0,0,0,0,1,1,1,8,11967,2,-1,10,1
2.00912E+12,1,8,0,9,0,5,0,0,0,0,1,1,1,1,9,1753,2,2,9,1
2.00912E+12,1,9,0,18,0,1,0,0,0,0,2,1,15,1,9,1896,2,5,8,3
2.00912E+12,2,9,0,18,0,1,0,0,0,0,1,1,15,2,7,2387,2,8,8,3
2.00912E+12,3,9,0,18,0,1,0,0,0,0,1,1,15,1,9,2993,2,4,8,3
2.00912E+12,1,9,0,4,0,0,0,0,0,0,2,1,1,1,8,1398,2,5,7,1
2.00912E+12,2,9,0,4,0,0,0,0,0,0,1,1,1,1,8,1560,2,1,5,1
2.00912E+12,1,9,0,18,0,8,0,0,0,0,1,1,15,2,7,1998,2,7,9,3
2.00912E+12,1,19,0,3,0,0,0,0,0,0,2,1,1,1,5,2499,2,7,9,1
2.00912E+12,3,9,0,18,0,0,0,0,0,0,1,1,1,1,6,1997,2,11,9,1
2.00912E+12,1,9,0,5,0,6,0,0,0,0,1,1,2,2,6,1951,2,4,2,1
2.00912E+12,1,9,0,9,0,6,0,0,1,1,3,1,15,1,9,1998,2,1,10,2
2.00912E+12,1,9,0,3,0,8,0,0,0,0,2,1,2,1,6,1910,2,2,5,1
2.00912E+12,1,9,0,18,0,8,0,0,0,0,1,1,15,2,4,1997,2,8,9,1
2.00912E+12,1,9,0,9,0,8,0,0,0,0,3,1,2,1,6,1997,2,3,7,1
2.00912E+12,1,9,0,5,0,1,0,0,0,0,1,1,15,1,6,1905,2,10,6,1
2.00912E+12,1,19,0,18,0,3,0,0,0,0,1,1,1,1,6,2198,2,2,6,1
2.00912E+12,1,11,0,7,0,2,0,0,0,0,0,1,1,1,8,7300,2,7,8,3
2.00912E+12,1,9,0,13,0,5,0,0,0,0,2,1,15,1,5,1686,2,8,10,2
2.00912E+12,1,9,0,6,0,0,0,0,0,0,1,1,15,2,6,2499,2,6,9,1
2.00912E+12,1,9,0,4,0,0,0,0,0,0,0,1,3,2,7,1560,2,1,8,1
2.00912E+12,1,9,0,9,0,1,0,0,0,0,4,1,15,2,6,1686,2,2,10,1
2.00912E+12,2,9,0,18,0,2,0,0,0,0,1,1,15,2,6,1968,2,3,8,2
2.00912E+12,2,9,0,18,0,0,0,0,0,0,1,1,15,2,9,1997,2,7,9,1
2.00912E+12,1,21,0,18,0,0,1,0,0,0,1,1,1,1,9,12600,2,5,9,1
2.00912E+12,3,9,0,3,0,0,0,0,1,0,2,1,15,1,7,2401,2,5,7,3
2.00912E+12,4,9,0,18,0,0,0,0,1,0,3,1,15,1,6,2171,2,8,8,1
2.00912E+12,1,9,0,18,0,0,1,12,0,0,1,1,2,2,5,1398,2,2,7,1
2.00912E+12,1,21,0,18,0,0,0,0,0,0,1,1,1,1,8,9200,2,2,1,1
2.00912E+12,2,19,0,18,0,0,0,0,0,0,2,1,1,1,7,1870,2,3,10,1
2.00912E+12,1,9,0,5,0,1,0,0,0,0,4,1,1,2,5,1910,2,7,7,3
2.00912E+12,2,9,0,7,0,6,0,0,0,0,1,1,15,1,8,1461,2,2,7,3
2.00912E+12,2,9,0,18,0,0,0,0,0,0,1,1,15,1,7,1900,2,9,9,1
2.00912E+12,1,8,0,3,0,1,0,0,0,0,2,1,1,1,9,2500,2,12,7,1
2.00912E+12,2,9,0,5,0,6,0,0,0,0,1,1,15,1,9,2987,2,2,9,2
2.00912E+12,2,9,0,2,0,0,0,0,0,0,2,1,15,1,8,1896,2,5,7,1
2.00912E+12,1,9,0,3,0,1,0,0,0,0,2,1,1,1,6,1910,2,3,6,3
2.00912E+12,1,19,0,9,0,0,0,0,0,0,3,1,1,1,6,2800,2,11,9,2
2.00912E+12,1,9,0,18,0,3,0,0,0,0,3,1,15,2,7,2776,2,4,6,1
2.00912E+12,1,9,0,9,0,5,0,0,0,0,1,1,2,1,7,2926,2,7,4,1
2.00912E+12,1,9,0,18,0,0,1,0,0,0,1,1,15,1,7,2500,2,16,2,1
2.00912E+12,2,9,0,18,0,0,0,0,0,0,2,1,15,2,8,2204,2,2,7,1
2.00912E+12,1,8,0,18,0,0,0,0,0,0,1,1,1,1,7,1995,2,3,9,1
2.00912E+12,4,9,0,18,0,0,1,0,0,0,1,1,1,1,6,2999,2,7,10,1
2.00912E+12,2,9,0,10,0,1,0,0,0,0,2,1,15,1,7,1988,2,3,7,1
2.00912E+12,1,11,0,18,0,0,0,0,0,0,0,1,15,1,7,3900,2,3,3,1
2.00912E+12,1,9,0,9,0,8,0,0,0,0,1,1,2,2,6,1998,2,3,7,1
2.00912E+12,1,9,0,17,0,0,1,0,1,9,2,1,1,2,6,1870,2,5,10,3
2.00912E+12,2,9,0,3,0,2,0,0,0,0,2,1,15,2,7,1968,2,2,9,1
2.00912E+12,1,9,0,3,0,1,0,0,0,0,1,1,15,1,7,1896,2,6,8,2
2.00912E+12,2,9,0,3,0,3,0,0,0,0,1,1,15,2,6,1995,2,5,8,1
2.00912E+12,1,9,0,3,0,0,0,0,0,0,2,1,15,2,7,1998,2,7,10,3
2.00912E+12,1,19,0,9,0,6,0,0,0,0,1,1,1,1,7,2198,2,1,5,1
2.00912E+12,1,8,0,13,0,0,0,0,0,0,0,1,15,1,8,1868,2,8,10,1
2.00912E+12,4,9,0,3,0,2,0,0,0,0,2,1,15,1,7,1968,2,2,5,3
2.00912E+12,1,9,3,18,0,0,2,0,1,9,3,1,15,1,8,1896,2,9,1,1
2.00912E+12,1,9,0,18,0,4,0,0,0,0,4,1,2,1,8,2987,2,-1,-1,-1
2.00912E+12,1,9,0,1,0,6,0,0,0,0,2,1,1,2,7,1968,2,2,10,1
2.00912E+12,2,9,0,3,0,1,0,0,0,0,0,1,15,1,7,1896,2,1,8,3
2.00912E+12,1,9,0,7,0,1,0,0,0,0,4,1,15,1,6,1461,2,1,6,1
2.00912E+12,2,8,0,2,0,1,0,0,0,0,4,1,2,1,9,1997,2,9,2,1
2.00912E+12,1,9,0,18,0,0,0,0,0,0,0,1,1,1,7,1686,2,2,8,1
2.00912E+12,2,9,0,18,0,0,0,0,1,10,4,1,15,2,5,2902,2,7,9,1
2.00912E+12,1,19,0,15,0,0,0,0,0,0,4,1,15,1,7,2151,2,7,10,1
2.00912E+12,1,11,0,4,0,0,0,0,0,0,4,1,1,2,7,11967,2,-1,4,1
2.00912E+12,2,9,0,5,8,0,0,0,0,0,3,1,1,1,6,1997,2,6,2,1