Acc_Index,Vehicle_Reference,Vehicle_Type,Towing_and_Articulation,Vehicle_Manoeuvre,Vehicle_Location-Restricted_Lane,Junction_Location,Skidding_and_Overturning,Hit_Object_in_Carriageway,Vehicle_Leaving_Carriageway,Hit_Object_off_Carriageway,1st_Point_of_Impact,Was_Vehicle_Left_Hand_Drive?,Journey_Purpose_of_Driver,Sex_of_Driver,Age_Band_of_Driver,Engine_Capacity_(CC),Propulsion_Code,Age_of_Vehicle,Driver_IMD_Decile,Driver_Home_Area_Type
2.01012E+12,2,9,0,18,0,0,0,0,0,0,2,1,15,1,8,1910,2,3,10,2
2.01012E+12,2,9,0,3,0,1,0,0,0,0,2,1,15,1,8,2400,2,-1,6,3
2.01012E+12,1,9,0,3,0,0,0,0,0,0,1,1,1,1,9,1753,2,3,9,1
2.01012E+12,2,8,0,18,0,6,0,0,0,0,1,1,1,1,9,2685,2,7,-1,-1
2.01012E+12,2,9,0,9,0,8,0,0,0,0,4,1,2,1,8,2987,2,1,9,1
2.01012E+12,1,9,0,4,0,0,0,0,0,0,1,1,2,1,6,1896,2,5,1,1
2.01012E+12,2,19,0,3,0,0,0,0,0,0,2,1,1,1,5,2494,2,4,3,1
2.01012E+12,3,9,0,5,0,0,1,0,0,0,1,1,1,1,8,2720,2,2,9,3
2.01012E+12,1,9,0,18,0,1,1,0,0,0,1,1,15,1,6,1998,2,9,1,1
2.01012E+12,1,9,0,5,0,1,0,0,0,0,1,1,1,2,8,2184,2,5,10,1
2.01012E+12,2,9,0,9,0,8,0,0,0,0,4,1,1,2,6,2204,2,4,8,3
2.01012E+12,1,9,0,4,0,0,0,0,0,0,1,1,15,1,7,1248,2,6,4,3
2.01012E+12,2,9,0,4,0,0,0,0,0,0,2,1,15,1,7,2685,2,8,3,1
2.01012E+12,1,9,0,3,0,6,0,0,0,0,1,1,15,2,8,1753,2,9,9,2
2.01012E+12,1,9,0,18,0,1,0,0,0,0,1,1,15,2,6,1905,2,12,6,3
2.01012E+12,1,8,0,18,0,0,0,0,0,0,1,1,1,1,6,2902,2,1,10,1
2.01012E+12,1,9,0,1,0,1,0,0,0,0,2,1,15,1,7,2499,2,9,-1,-1
2.01012E+12,2,9,0,4,0,0,0,0,0,0,1,1,15,1,4,1995,2,3,9,1
2.01012E+12,1,9,0,16,0,0,1,0,5,6,1,1,2,1,4,1560,2,-1,5,3
2.01012E+12,1,9,0,14,0,0,1,0,0,0,1,1,1,1,7,1968,2,1,8,1
2.01012E+12,3,9,0,2,0,0,0,0,0,0,0,1,15,1,10,1582,2,1,8,1
2.01012E+12,2,9,0,18,0,0,0,0,0,0,1,1,15,1,9,1968,2,-1,9,1
2.01012E+12,1,9,0,9,0,8,0,0,0,0,1,1,15,1,4,1753,2,7,9,3
2.01012E+12,2,9,0,9,0,8,0,0,0,0,3,1,15,2,5,1896,2,8,9,1
2.01012E+12,2,19,0,18,0,1,0,0,0,0,1,1,1,1,7,2464,2,1,8,1
2.01012E+12,1,9,0,18,0,0,0,0,0,0,4,1,15,1,9,2495,2,8,-1,-1
2.01012E+12,2,21,4,2,0,0,0,0,0,0,2,1,1,1,9,4461,2,-1,9,1
2.01012E+12,1,9,0,9,0,6,0,0,0,0,1,1,15,2,6,1968,2,3,8,1
2.01012E+12,1,21,0,18,0,0,0,0,1,0,1,1,1,1,8,12130,2,7,3,1
2.01012E+12,2,19,0,4,0,0,0,0,0,0,2,1,1,1,7,1995,2,1,2,1
2.01112E+12,2,9,0,18,0,8,0,0,0,0,1,1,6,1,6,1698,2,12,6,1
2.01112E+12,2,9,0,7,0,1,1,0,0,0,3,1,6,1,5,1910,2,7,8,1
2.01112E+12,1,9,0,18,0,0,0,0,0,0,1,1,6,2,8,1991,2,2,8,3
2.01112E+12,3,9,0,4,0,0,0,0,0,0,2,1,6,1,6,1905,2,15,5,1
2.01112E+12,1,9,0,18,0,3,0,0,0,0,3,1,6,1,7,2188,2,8,2,1
2.01112E+12,1,9,0,5,0,2,0,0,0,0,0,1,6,1,8,1968,2,3,-1,-1
2.01112E+12,2,9,0,3,0,0,0,0,0,0,1,1,6,2,-1,1900,2,11,4,1
2.01112E+12,2,9,0,17,0,8,0,0,0,0,3,1,6,1,7,2685,2,8,10,1
2.01112E+12,1,8,0,18,0,1,0,0,0,0,1,1,6,1,5,1997,2,1,6,1
2.01112E+12,3,9,0,2,0,0,0,7,0,6,2,1,6,2,8,1997,2,6,7,1
2.01112E+12,2,9,0,2,0,0,0,0,0,0,3,1,6,1,-1,1910,2,6,6,1
2.01112E+12,51,9,0,7,0,6,0,0,0,0,1,1,6,2,-1,2495,2,7,-1,-1
2.01112E+12,1,8,0,18,0,0,0,0,0,0,1,1,6,1,6,1997,2,7,-1,-1
2.01112E+12,1,9,0,9,0,4,0,0,0,0,0,1,6,1,8,1910,2,4,4,1
2.01112E+12,1,9,0,9,0,1,0,0,7,0,4,1,6,1,6,1248,2,3,2,1
2.01112E+12,1,9,0,17,0,0,5,0,1,10,1,1,6,1,7,1910,2,5,9,2
2.01112E+12,2,9,0,18,0,1,0,0,0,0,2,1,6,2,6,1560,2,4,7,1
2.01112E+12,1,9,0,5,0,1,0,0,0,0,1,1,6,1,5,1997,2,8,9,1
2.01112E+12,1,11,0,18,0,0,0,0,0,0,1,1,6,1,6,7300,2,6,8,3
2.01112E+12,2,9,0,4,0,0,0,0,0,0,1,1,6,1,7,1753,2,13,10,3
2.01112E+12,1,11,0,3,0,4,0,0,0,0,1,1,6,2,5,11000,2,5,-1,-1
2.01112E+12,2,9,0,4,0,4,0,0,0,0,2,1,6,2,5,1461,2,1,-1,-1
2.01112E+12,1,9,0,1,0,1,0,0,0,0,0,1,6,1,7,1995,2,6,5,1
2.01112E+12,2,11,0,18,0,1,0,0,0,0,0,1,6,1,6,7300,2,10,-1,-1
2.01112E+12,1,9,0,3,0,0,0,0,0,0,2,1,6,2,4,1968,2,-1,2,1
2.01112E+12,5,9,0,18,0,0,0,0,0,0,1,1,6,1,8,1998,2,10,9,1
2.01112E+12,6,9,0,18,0,0,0,0,0,0,1,1,6,1,6,1998,2,7,2,1
2.01112E+12,1,9,0,3,0,0,0,0,0,0,2,1,6,1,7,1998,2,8,-1,-1
2.01112E+12,1,11,0,18,0,4,0,0,0,0,0,1,6,1,7,5900,2,4,3,1
2.01112E+12,1,9,0,9,0,1,0,0,0,0,3,1,6,1,7,1248,2,2,3,1
2.01112E+12,2,9,0,18,0,2,0,0,0,0,1,1,6,3,11,1896,2,9,7,3
2.01112E+12,2,9,0,4,0,4,0,0,0,0,2,1,6,1,8,2987,2,4,9,3
2.01112E+12,1,9,0,18,0,0,0,0,0,0,1,1,6,2,5,1753,2,4,5,1
2.01112E+12,1,11,0,4,0,0,0,0,0,0,1,1,6,1,8,7300,2,9,7,1
2.01112E+12,1,9,0,4,0,0,0,0,0,0,1,1,6,2,6,1997,2,8,6,1
2.01112E+12,2,9,0,4,0,0,0,0,0,0,2,1,6,1,9,1400,2,4,4,1
2.01112E+12,1,9,0,18,0,0,0,0,0,0,1,1,6,2,7,2148,2,8,9,3
2.01112E+12,1,19,0,18,0,1,0,0,0,0,1,1,6,1,7,2402,2,-1,-1,-1
2.01112E+12,2,9,0,10,0,1,0,0,0,0,2,1,6,2,7,1896,2,9,7,3
2.01112E+12,3,11,0,18,0,1,0,0,0,0,3,1,6,1,7,5900,2,4,10,3
2.01112E+12,1,9,0,3,0,1,0,0,0,0,2,1,6,2,8,1248,2,7,7,3
2.01112E+12,2,9,0,18,0,8,0,0,0,0,4,1,6,1,11,1991,2,1,9,1
2.01112E+12,2,19,0,18,0,0,0,0,0,0,4,1,6,1,8,2198,2,1,8,1
2.01112E+12,1,11,0,18,0,0,0,0,0,0,1,1,6,1,9,7300,2,3,-1,-1
2.01112E+12,2,9,0,2,0,0,0,0,0,0,0,1,6,2,7,1997,2,4,10,2
2.01112E+12,1,9,0,18,0,3,0,0,0,0,4,1,6,1,7,1560,2,2,6,1
2.01112E+12,2,11,0,18,0,1,0,0,0,0,1,1,6,1,8,9600,2,16,5,2
2.01112E+12,2,9,0,3,0,1,0,0,0,0,0,1,6,1,7,1560,2,7,8,2
2.01112E+12,3,9,0,3,0,1,0,0,0,0,2,1,6,1,7,1997,2,9,-1,1
2.01112E+12,4,9,0,3,0,1,0,0,0,0,1,1,6,2,4,1248,2,5,8,1
2.01112E+12,1,9,0,9,0,8,0,0,0,0,1,1,6,1,6,1560,2,2,7,1
2.01112E+12,2,11,1,2,0,0,0,0,0,0,0,1,6,1,6,7300,2,5,-1,-1
2.01112E+12,1,9,0,18,0,1,0,0,0,0,1,1,6,1,9,2495,2,12,10,2
2.01112E+12,2,19,0,17,0,1,0,0,0,0,3,1,6,1,4,1998,2,7,-1,-1
2.01112E+12,1,9,0,18,0,0,0,12,0,0,4,1,6,2,8,1910,2,7,9,2
2.01112E+12,2,9,0,18,0,1,0,0,0,0,2,1,6,2,7,1422,2,3,5,1
2.01112E+12,2,17,4,17,0,0,0,0,0,0,1,1,6,1,9,4400,2,3,9,3
2.01112E+12,2,9,0,9,0,0,0,0,0,0,0,1,6,2,7,1997,2,7,8,1
2.01112E+12,1,9,0,5,0,6,2,0,0,0,1,1,6,2,5,2495,2,9,9,3
2.01112E+12,2,9,0,18,0,1,2,0,0,0,1,1,6,1,9,2999,2,8,10,3
2.01112E+12,1,9,0,18,0,1,0,0,0,0,1,1,6,1,7,1968,2,1,10,2
2.01112E+12,1,9,0,9,0,6,0,0,0,0,1,1,6,1,11,1753,2,8,9,1
2.01112E+12,2,9,0,18,0,1,0,0,0,0,3,1,6,2,7,1968,2,2,4,1
2.01112E+12,1,9,0,3,0,0,0,0,0,0,2,1,6,2,7,2496,2,10,10,2
2.01112E+12,1,9,0,4,0,0,0,0,0,0,2,1,6,2,8,1968,2,2,6,2
2.01112E+12,1,19,4,18,0,1,0,0,0,0,1,1,6,1,7,1896,2,4,7,3
2.01112E+12,2,19,0,3,0,1,0,0,0,0,2,1,6,1,6,1248,2,3,10,1
2.01112E+12,3,19,0,3,0,1,0,0,0,0,2,1,6,1,9,1686,2,7,8,2
2.01112E+12,1,9,0,3,0,0,0,0,0,0,2,1,6,1,6,2993,2,4,5,1
2.01112E+12,2,9,0,3,0,0,0,0,0,0,2,1,6,2,5,1995,2,5,3,1
2.01112E+12,3,9,0,3,0,0,0,0,0,0,2,1,6,1,8,1870,2,6,10,1
2.01112E+12,1,9,0,10,0,1,0,0,0,0,2,1,6,2,7,1686,2,5,9,1
2.01112E+12,2,9,0,18,0,1,0,0,0,0,1,1,6,2,7,2179,2,3,-1,-1
2.01112E+12,1,9,0,18,0,3,0,0,0,0,0,1,6,1,8,1753,2,8,7,1
2.01112E+12,2,9,0,5,0,4,0,0,0,0,1,1,6,1,7,1910,2,-1,4,1
2.01112E+12,2,9,0,4,0,0,0,0,0,0,2,1,6,1,9,2401,2,7,5,3
2.01112E+12,1,9,0,16,0,0,0,0,0,0,1,1,6,1,6,1398,2,6,-1,-1
2.01112E+12,1,9,0,18,0,8,0,0,0,0,1,1,6,1,6,1686,2,-1,3,1
2.01112E+12,1,11,0,16,0,1,0,0,0,0,1,1,6,1,6,7300,2,3,-1,-1
2.01112E+12,1,9,0,4,0,0,0,0,0,0,2,1,6,2,7,1905,2,18,3,1
2.01112E+12,2,9,0,18,0,0,0,0,0,0,1,1,6,2,7,1900,2,11,-1,-1
2.01112E+12,1,11,0,5,0,1,0,0,0,0,0,1,6,1,7,7300,2,3,10,2
2.01112E+12,2,21,0,18,0,0,0,0,1,9,1,1,6,1,8,10518,2,4,6,2
2.01112E+12,1,11,0,18,0,0,0,0,0,0,1,1,6,1,-1,7300,2,9,-1,-1
2.01112E+12,1,9,0,18,0,0,0,0,1,0,1,1,6,1,7,2664,2,7,10,2
2.01112E+12,1,8,0,9,0,8,0,0,0,0,1,1,6,1,6,1991,2,8,9,1
2.01112E+12,1,9,0,18,0,0,0,0,0,0,2,1,6,1,6,2198,2,7,5,1
2.01112E+12,1,9,0,3,4,0,0,0,0,0,3,1,6,1,6,1998,2,9,4,1
2.01112E+12,1,9,0,9,0,8,0,0,0,0,1,1,6,1,10,1896,2,6,5,3
2.01112E+12,1,21,0,18,0,1,0,0,0,0,1,1,6,1,7,4250,2,8,-1,-1
2.01112E+12,2,9,0,18,0,1,0,0,0,0,2,1,6,1,9,2179,2,2,-1,-1
2.01112E+12,1,9,0,18,0,1,0,0,0,0,1,1,6,1,-1,1896,2,8,-1,-1
2.01112E+12,2,9,0,18,0,0,0,0,0,0,3,1,6,2,5,1598,2,1,10,2
2.01112E+12,2,21,1,18,0,0,0,0,0,0,1,1,6,1,10,12130,2,7,7,1
2.01112E+12,1,19,0,18,0,1,1,0,0,0,1,1,6,1,7,2402,2,10,1,1
2.01112E+12,3,9,0,3,0,8,0,0,0,0,2,1,6,1,7,1968,2,3,10,1
2.01112E+12,4,9,0,3,0,8,0,0,0,0,2,1,6,1,6,1997,2,-1,-1,-1
2.01112E+12,1,9,0,18,0,0,0,0,1,0,1,1,6,2,7,1493,2,4,9,3
2.01112E+12,2,9,0,4,0,0,0,0,0,0,2,1,6,2,5,1870,2,9,-1,-1
2.01112E+12,3,9,0,4,0,0,0,0,0,0,2,1,6,1,7,1995,2,12,3,1
2.01112E+12,2,9,0,2,0,0,0,0,0,0,1,1,6,1,7,1995,2,-1,9,3
2.01112E+12,1,9,0,7,0,6,0,0,0,0,1,1,6,1,5,1399,2,5,7,3
2.01112E+12,1,19,0,5,0,6,0,0,0,0,3,1,6,1,6,1998,2,5,10,2
2.01112E+12,3,9,0,18,0,0,1,0,0,6,1,1,6,1,8,1896,2,8,5,3
2.01112E+12,1,9,0,18,0,0,0,0,0,0,1,1,6,1,9,1910,2,7,8,2
2.01112E+12,2,9,4,18,0,0,2,0,5,6,2,1,6,1,7,3200,2,7,5,3
2.01112E+12,1,9,0,7,0,8,0,0,0,0,3,1,6,2,7,1896,2,8,9,1
2.01112E+12,2,9,0,18,0,0,0,0,0,0,1,1,6,1,9,1995,2,3,10,2
2.01112E+12,1,9,0,4,0,3,0,0,0,0,1,1,6,1,8,1896,2,5,-1,-1
2.01112E+12,2,9,0,7,0,2,0,0,0,0,0,1,6,1,7,1686,2,8,6,3
2.01112E+12,2,9,0,4,0,8,0,0,0,0,2,1,6,1,11,1560,2,2,8,3
2.01112E+12,1,21,0,18,0,0,0,0,0,0,1,1,6,1,7,12777,2,1,7,1
2.01112E+12,2,19,0,9,0,0,0,0,7,0,2,1,6,1,7,1753,2,5,9,2
2.01112E+12,5,9,0,18,0,0,0,0,0,0,1,1,6,1,8,1896,2,4,-1,-1
2.01112E+12,6,9,0,18,0,0,0,0,0,0,1,1,6,1,7,1997,2,2,-1,-1
2.01112E+12,2,9,0,18,0,8,0,0,0,0,3,1,6,1,8,2149,2,4,3,1
2.01112E+12,1,9,0,7,0,8,0,0,0,0,1,1,6,2,5,1560,2,4,-1,-1
2.01112E+12,2,9,0,6,0,0,0,0,0,0,0,1,6,3,-1,2967,2,3,-1,-1
2.01112E+12,2,9,0,2,0,2,0,0,0,0,0,1,6,3,-1,1560,2,7,-1,-1
2.01112E+12,1,9,0,7,0,5,0,0,0,0,4,1,6,1,7,1896,2,4,9,3
2.01112E+12,1,9,0,18,0,0,0,0,0,0,1,1,6,1,8,2143,2,-1,-1,-1
2.01112E+12,2,19,0,18,0,0,0,0,0,0,1,1,6,1,9,1870,2,9,8,1
2.01112E+12,1,9,0,7,0,6,0,0,0,0,3,1,6,1,7,1991,2,2,4,1
2.01112E+12,1,17,4,16,0,0,0,0,0,0,0,1,6,1,4,6057,2,1,9,3
2.01112E+12,2,9,0,4,0,1,0,0,0,0,0,1,6,2,6,1686,2,1,-1,-1
2.01112E+12,1,9,0,9,0,8,0,0,0,0,1,1,6,1,7,1248,2,2,-1,-1
2.01112E+12,1,11,0,18,0,1,0,0,0,0,0,1,6,1,7,11967,2,2,-1,-1
2.01112E+12,1,90,0,18,0,0,0,0,0,0,2,1,6,1,9,2285,2,7,7,3
2.01112E+12,2,9,0,18,0,1,0,0,0,0,0,1,6,1,8,1870,2,6,8,1
2.01112E+12,3,11,0,7,0,1,0,0,0,0,0,1,6,1,9,12000,2,5,10,2
2.01112E+12,1,9,0,9,0,8,0,0,1,10,1,1,6,1,7,2993,2,1,-1,-1
2.01112E+12,2,9,0,9,0,8,0,0,0,0,0,1,6,1,4,2198,2,6,2,1
2.01112E+12,1,19,0,9,0,8,0,0,0,0,4,1,6,1,8,2287,2,3,-1,-1
2.01112E+12,1,9,0,18,0,0,0,0,0,0,4,1,6,2,7,1974,2,12,8,2
2.01112E+12,1,11,0,4,0,0,1,0,1,0,0,1,6,1,9,3972,2,19,2,1
2.01112E+12,2,21,1,18,0,0,0,0,0,0,1,1,6,1,9,11967,2,1,6,1
2.01112E+12,2,9,0,18,0,8,0,0,0,0,3,1,6,1,6,1398,2,7,9,1
2.01112E+12,1,9,0,18,0,0,2,0,7,9,4,1,6,1,4,1997,2,4,10,2
2.01112E+12,2,9,0,18,0,1,0,0,0,0,3,1,6,1,8,2495,2,11,7,3
2.01112E+12,3,19,0,10,0,1,0,0,0,0,0,1,6,1,6,2151,2,8,6,1
2.01112E+12,1,11,0,5,0,0,0,0,0,0,0,1,6,1,8,7300,2,4,4,1
2.01112E+12,1,19,0,15,0,0,0,0,0,0,4,1,6,1,4,2198,2,2,-1,-1
2.01112E+12,2,9,0,3,0,1,0,0,0,0,2,1,6,2,6,1910,2,4,10,1
2.01112E+12,1,9,0,9,0,6,0,0,0,0,1,1,6,1,6,1956,2,1,3,1
2.01112E+12,2,11,0,18,0,1,0,0,0,0,1,1,6,1,7,7300,2,2,8,1
2.01112E+12,1,9,0,18,0,3,0,0,0,0,0,1,6,1,8,2401,2,6,-1,-1
2.01112E+12,1,9,0,3,0,1,0,0,0,0,2,1,6,1,9,2199,2,-1,10,1
2.01112E+12,2,9,0,3,0,1,0,0,0,0,2,1,6,2,8,1968,2,-1,3,2
2.01112E+12,1,9,0,10,0,1,0,0,0,0,3,1,6,2,8,1900,2,6,8,1
2.01112E+12,1,9,0,3,0,1,0,0,0,0,2,1,6,1,10,1997,2,3,7,3
2.01112E+12,2,9,0,4,0,1,0,0,0,0,1,1,6,2,-1,2488,2,6,10,1
2.01112E+12,1,19,0,13,4,0,0,0,0,0,4,1,6,1,9,2500,2,3,3,1
2.01112E+12,2,9,0,8,0,2,0,0,0,0,1,1,6,1,-1,2179,2,2,10,1
2.01112E+12,2,19,0,4,0,0,0,0,0,0,2,1,6,1,8,1867,2,11,9,1
2.01112E+12,1,9,0,18,0,1,0,0,0,0,3,1,6,1,8,1997,2,3,-1,-1
2.01112E+12,1,9,0,18,0,8,0,0,0,0,1,1,6,1,7,1995,2,6,-1,-1
2.01112E+12,1,9,0,5,0,4,0,0,0,0,1,1,6,1,5,1998,2,8,5,3
2.01112E+12,1,9,0,13,0,1,0,0,0,0,4,1,6,1,7,1560,2,5,8,1
2.01112E+12,1,9,0,7,0,4,0,0,0,0,3,1,6,1,7,1995,2,5,8,2
2.01112E+12,2,9,0,11,0,3,0,0,0,0,2,1,6,1,7,1910,2,4,-1,-1
2.01112E+12,1,9,0,3,0,8,0,0,0,0,2,1,6,1,7,1560,2,6,-1,-1
2.01112E+12,1,9,0,5,0,0,0,0,0,0,4,1,6,2,8,1600,2,1,-1,-1
2.01112E+12,1,9,0,18,0,8,0,0,0,0,1,1,6,1,7,2902,2,11,2,1
2.01112E+12,2,9,0,5,0,1,0,0,0,0,1,1,6,1,7,1753,2,13,10,2
2.01112E+12,1,9,0,18,0,2,0,0,0,0,3,1,6,2,5,1248,2,3,6,1
2.01112E+12,1,9,0,17,0,0,1,0,1,4,1,1,6,2,7,2198,2,4,9,3
2.01112E+12,1,9,0,9,0,6,0,0,0,0,3,1,6,1,11,1968,2,3,7,1
2.01112E+12,1,19,0,9,0,5,0,0,0,0,3,1,6,1,7,1997,2,4,9,1
2.01112E+12,3,9,0,17,0,0,0,0,0,0,1,1,6,1,9,1998,2,3,8,1
2.01112E+12,4,9,0,16,0,0,0,0,1,0,3,1,6,1,6,1995,2,3,8,1
2.01112E+12,1,9,0,18,0,2,0,0,0,0,0,1,6,1,8,1461,2,1,7,1
2.01112E+12,3,19,0,4,0,0,1,0,0,0,1,1,6,1,8,2148,2,4,4,1
2.01112E+12,1,9,0,3,0,1,0,0,0,0,2,1,6,1,6,1753,2,2,7,1
2.01112E+12,1,19,4,9,0,1,0,0,0,0,1,1,6,1,8,2402,2,4,7,1
2.01112E+12,1,11,0,18,0,0,0,0,0,0,1,1,6,1,8,9600,2,13,2,1
2.01112E+12,2,9,0,7,0,6,0,0,0,0,1,1,6,2,6,1910,2,5,2,1
2.01112E+12,2,9,0,2,0,1,0,0,0,0,3,1,6,2,7,1997,2,10,8,3
2.01112E+12,1,9,0,3,0,1,0,0,0,0,2,1,6,2,6,1910,2,5,9,2
2.01112E+12,1,11,0,9,0,1,0,0,0,0,1,1,6,1,9,5900,2,4,6,2
2.01112E+12,2,9,0,7,0,6,0,0,0,0,4,1,6,1,9,1968,2,2,9,1
2.01212E+12,1,9,0,18,0,4,0,0,0,0,4,1,1,1,8,1997,2,9,6,1
2.01212E+12,2,9,0,6,0,0,0,0,0,0,3,1,6,1,9,1248,2,2,1,1
2.01212E+12,1,19,0,10,0,0,0,0,0,0,3,1,5,1,8,2198,2,1,9,1
2.01212E+12,2,9,0,18,0,0,0,0,0,0,1,1,1,2,5,1968,2,4,7,3
2.01212E+12,5,9,0,18,0,0,0,0,0,0,1,1,6,1,6,1686,2,5,9,1
2.01212E+12,6,9,0,18,0,0,0,0,0,0,1,1,6,1,8,1997,2,7,5,1
2.01212E+12,2,9,0,9,0,5,0,0,0,0,3,1,6,1,7,1968,2,1,9,3
2.01212E+12,2,19,0,1,6,0,0,0,0,0,1,1,5,1,7,2402,2,6,1,1
2.01212E+12,1,19,0,18,0,0,1,0,0,0,1,1,6,1,7,2999,2,6,3,1
2.01212E+12,2,9,0,18,0,1,0,0,0,0,1,1,6,1,8,1870,2,9,9,3
2.01212E+12,1,9,0,5,0,6,0,0,0,0,3,1,5,2,7,1968,2,4,8,3
2.01212E+12,2,9,0,9,0,5,0,0,0,0,3,1,5,1,7,2204,2,5,9,1
2.01212E+12,1,9,0,4,0,0,0,0,0,0,2,1,6,1,7,1998,2,10,10,2
2.01212E+12,3,9,0,18,0,0,0,0,0,0,1,1,6,2,4,1896,2,3,9,1
2.01212E+12,4,9,0,18,0,0,0,0,0,0,2,1,5,1,9,1560,2,5,8,3
2.01212E+12,2,9,0,7,0,1,0,0,0,0,4,1,2,1,6,1248,2,6,-1,-1
2.01212E+12,1,19,0,18,0,8,0,0,0,0,4,1,6,1,5,2402,2,5,9,1
2.01212E+12,1,9,0,18,0,3,0,0,0,0,1,1,6,1,7,1994,2,8,5,1
2.01212E+12,2,9,0,18,0,3,0,0,0,0,4,1,6,1,9,1896,2,3,10,1
2.01212E+12,1,9,0,18,9,0,1,0,1,0,4,1,5,2,5,1753,2,10,6,1
2.01212E+12,1,9,0,1,0,0,0,0,0,0,2,1,1,1,6,1968,2,3,6,1
2.01212E+12,1,11,0,18,0,0,0,0,0,0,0,1,1,1,8,9600,2,11,9,1
2.01212E+12,1,9,0,18,0,0,0,0,0,0,4,1,5,2,7,1997,2,2,5,3
2.01212E+12,2,9,0,9,0,2,0,0,0,0,1,1,1,1,5,1968,2,1,6,1
2.01212E+12,2,9,0,18,0,4,0,0,0,0,2,1,5,2,4,1753,2,11,4,1
2.01212E+12,1,19,0,9,0,8,0,0,0,0,3,1,6,1,5,1868,2,8,9,1
2.01212E+12,1,9,0,9,0,0,0,0,0,0,4,1,2,1,6,2231,2,5,4,1
2.01212E+12,1,9,0,3,0,0,0,0,0,0,0,1,5,1,6,1997,2,5,-1,-1
2.01212E+12,3,19,0,4,0,0,0,0,0,0,1,1,5,1,6,1868,2,7,6,1
2.01212E+12,4,9,0,4,0,0,0,0,0,0,1,1,5,2,6,1968,2,4,7,1
2.01212E+12,1,9,0,18,0,1,0,0,0,0,1,1,5,1,9,1995,2,8,4,1
2.01212E+12,2,9,0,16,0,7,1,0,2,7,4,1,2,2,7,1997,2,9,9,3
2.01212E+12,1,9,0,18,0,0,0,0,0,0,1,1,5,2,5,1868,2,12,1,1
2.01212E+12,2,9,0,2,0,0,0,0,0,0,0,1,5,2,6,1910,2,6,9,1
2.01212E+12,1,8,0,18,0,0,0,0,0,0,1,1,1,1,8,1997,2,8,1,1
2.01212E+12,1,9,0,9,0,1,0,0,0,0,3,1,5,2,4,1461,2,8,10,1
2.01212E+12,1,9,0,18,0,0,0,0,7,0,1,1,5,1,11,1992,2,6,10,2
2.01212E+12,1,9,0,15,0,1,0,0,1,0,1,1,5,1,11,1910,2,7,9,1
2.01212E+12,1,11,0,18,0,1,0,0,0,0,4,1,1,1,9,7300,2,4,1,1
2.01212E+12,2,9,0,18,0,1,0,0,0,0,1,1,1,2,4,1461,2,3,3,1
2.01212E+12,3,8,0,18,0,1,0,0,0,0,1,1,1,1,9,1997,2,4,9,1
2.01212E+12,1,19,0,18,0,0,0,12,0,0,1,1,2,1,7,1998,2,7,9,2
2.01212E+12,1,19,0,8,0,1,0,0,0,0,2,1,1,1,9,1686,2,10,10,1
2.01212E+12,1,9,0,18,0,0,0,0,1,0,1,1,5,1,7,2477,2,19,9,3
2.01212E+12,1,11,0,9,0,8,0,0,0,0,3,1,1,1,6,7300,2,7,8,1
2.01212E+12,1,9,0,4,0,4,0,0,0,0,2,1,6,1,8,1560,2,3,7,1
2.01212E+12,2,11,0,18,0,0,0,0,0,0,0,1,1,1,6,7300,2,10,10,1
2.01212E+12,2,19,0,2,0,2,0,0,0,0,3,1,1,2,6,1995,2,1,8,1
2.01212E+12,1,9,0,17,0,0,0,0,1,0,1,1,6,1,6,1686,2,12,-1,-1
2.01212E+12,2,9,0,17,0,0,0,0,0,0,0,1,1,1,8,2993,2,3,8,2
2.01212E+12,3,9,0,2,0,0,0,0,0,0,2,1,6,1,7,1997,2,10,10,1
2.01212E+12,1,8,0,18,0,0,0,0,0,0,1,1,1,1,6,2148,2,7,2,1
2.01212E+12,2,9,0,3,0,1,0,0,0,0,2,1,6,1,10,1997,2,7,10,1
2.01212E+12,1,9,0,4,7,2,0,0,0,0,4,1,6,1,7,2401,2,3,8,1
2.01212E+12,1,9,0,6,0,0,0,0,0,0,1,1,6,1,6,1896,2,10,4,1
2.01212E+12,2,9,0,18,0,3,0,0,0,0,1,1,5,1,6,1398,2,3,5,1
2.01212E+12,1,9,0,18,0,0,0,10,8,11,1,1,2,1,6,1910,2,4,-1,-1
2.01212E+12,1,9,0,3,0,0,0,0,0,0,2,1,5,2,4,1598,2,2,-1,-1
2.01212E+12,2,9,0,18,0,1,0,0,0,0,1,1,6,2,6,1870,2,6,7,1
2.01212E+12,3,9,0,3,0,2,0,0,0,0,2,1,3,1,8,1968,2,1,8,2
2.01212E+12,4,9,0,18,0,1,0,0,0,0,1,1,5,2,7,1399,2,2,-1,-1