Acc_Index,Vehicle_Reference,Vehicle_Type,Towing_and_Articulation,Vehicle_Manoeuvre,Vehicle_Location-Restricted_Lane,Junction_Location,Skidding_and_Overturning,Hit_Object_in_Carriageway,Vehicle_Leaving_Carriageway,Hit_Object_off_Carriageway,1st_Point_of_Impact,Was_Vehicle_Left_Hand_Drive?,Journey_Purpose_of_Driver,Sex_of_Driver,Age_Band_of_Driver,Engine_Capacity_(CC),Propulsion_Code,Age_of_Vehicle,Driver_IMD_Decile,Driver_Home_Area_Type
2.01312E+12,2,9,0,18,0,8,0,0,0,0,1,1,6,1,8,1399,2,2,5,1
2.01312E+12,1,9,0,18,0,0,2,0,2,4,1,1,2,2,6,1998,2,11,7,3
2.01312E+12,1,9,0,18,0,0,0,0,0,0,1,1,6,2,6,1995,2,11,3,1
2.01312E+12,2,19,0,4,0,0,0,0,0,0,2,1,1,1,9,1686,2,1,7,3
2.01312E+12,4,9,0,18,0,0,0,0,0,0,1,1,1,1,6,1461,2,-1,5,3
2.01312E+12,1,19,0,2,0,0,0,0,0,0,2,1,6,1,8,1998,2,10,5,1
2.01312E+12,2,9,0,3,0,1,0,0,0,0,1,1,6,1,9,1896,2,8,10,1
2.01312E+12,4,9,0,3,0,1,0,0,0,0,2,1,6,2,8,1997,2,9,8,3
2.01312E+12,5,9,0,3,0,1,0,0,0,0,2,1,6,1,9,1910,2,9,10,1
2.01312E+12,1,9,0,10,0,1,0,0,0,0,3,1,6,2,8,1995,2,3,8,3
2.01312E+12,1,11,0,2,0,1,0,0,0,0,0,1,1,1,7,7300,2,11,10,1
2.01312E+12,1,11,0,13,0,2,0,0,0,0,3,1,1,1,9,7300,2,11,2,1
2.01312E+12,2,9,0,18,0,1,0,0,0,0,4,1,6,1,4,1248,2,6,9,1
2.01312E+12,1,9,0,5,0,0,0,0,0,0,1,1,1,1,7,1995,2,2,3,3
2.01312E+12,1,9,0,9,0,1,0,0,0,0,3,1,2,1,6,1461,2,4,9,1
2.01312E+12,1,11,0,4,0,1,0,0,0,0,0,1,1,1,9,7300,2,11,-1,-1
2.01312E+12,1,19,0,18,0,0,0,0,0,0,3,1,1,1,10,1461,2,5,7,1
2.01312E+12,1,9,0,13,0,0,2,0,1,11,1,1,6,1,6,1896,2,11,8,2
2.01312E+12,2,9,0,3,0,0,0,0,0,0,2,1,6,2,7,1968,2,5,6,3
2.01312E+12,1,11,0,5,0,0,0,0,0,0,3,1,1,1,8,7300,2,8,6,3
2.01312E+12,1,19,0,1,0,0,0,0,0,0,2,1,6,1,-1,1997,2,2,-1,-1
2.01312E+12,1,9,0,18,0,0,0,0,0,0,1,2,6,2,7,1997,2,2,-1,-1
2.01312E+12,2,9,0,18,0,8,0,0,0,0,2,1,6,1,9,2720,2,8,7,1
2.01312E+12,3,9,0,3,0,7,0,0,0,0,0,1,6,2,8,1493,2,8,8,3
2.01312E+12,1,9,0,7,0,1,0,0,0,0,4,1,6,2,6,1995,2,2,10,3
2.01312E+12,1,9,0,4,0,0,0,0,0,0,1,1,6,1,8,2987,2,1,4,1
2.01312E+12,1,11,0,4,0,0,0,0,0,0,4,1,1,1,8,7300,2,5,9,1
2.01312E+12,1,9,0,18,0,1,0,0,0,0,1,1,6,1,5,1956,2,3,7,1
2.01312E+12,1,19,0,9,0,6,0,0,0,0,3,1,1,1,9,1753,2,8,5,2
2.01312E+12,2,9,0,3,0,0,0,0,0,0,2,1,1,1,6,2000,2,2,-1,-1
2.01312E+12,2,9,0,4,0,0,0,0,0,0,2,1,6,1,9,2199,2,4,9,2
2.01312E+12,2,9,0,3,0,0,0,0,0,0,2,1,6,1,8,1997,2,9,9,2
2.01312E+12,1,9,0,9,0,6,0,0,0,0,1,1,1,1,8,1527,2,12,7,1
2.01312E+12,1,9,0,6,0,0,0,0,0,0,3,1,1,2,6,1753,2,11,-1,-1
2.01312E+12,1,19,0,18,0,0,0,0,0,0,1,1,2,1,8,1968,2,9,8,1
2.01312E+12,1,9,0,18,0,3,0,0,0,0,1,1,6,1,8,1582,2,5,8,3
2.01312E+12,1,9,0,2,0,0,0,0,0,0,3,1,6,1,10,1582,2,4,9,3
2.01312E+12,1,9,0,17,0,0,0,0,1,4,1,1,6,1,6,1997,2,5,8,1
2.01312E+12,2,8,0,18,0,1,0,0,0,0,4,1,1,2,8,1997,2,5,9,1
2.01312E+12,1,9,0,18,0,0,0,0,0,0,1,1,6,2,6,1248,2,2,8,2
2.01312E+12,1,9,0,18,0,0,0,0,0,0,1,1,6,1,7,2172,2,10,7,1
2.01412E+12,1,9,0,9,0,1,0,0,0,0,1,1,1,1,5,1956,2,5,-1,-1
2.01412E+12,1,9,0,9,0,5,0,0,0,0,1,1,6,1,10,1870,2,10,-1,1
2.01412E+12,1,19,0,2,6,0,0,8,0,0,3,1,1,1,8,1753,2,8,9,1
2.01412E+12,2,9,0,3,0,1,0,0,0,0,2,1,6,2,6,1998,2,5,-1,-1
2.01412E+12,1,9,0,9,0,1,0,0,0,0,0,1,1,2,5,1995,2,9,8,1
2.01412E+12,1,9,0,7,0,1,0,0,0,0,4,1,1,1,8,1995,2,8,9,1
2.01412E+12,1,9,0,9,0,1,0,0,0,0,4,1,6,1,6,1753,2,11,2,1
2.01412E+12,1,9,0,9,0,1,1,0,0,0,3,1,2,1,7,1968,2,2,7,3
2.01412E+12,1,9,0,9,0,1,0,0,0,0,4,1,2,1,7,1998,2,7,3,1
2.01412E+12,1,9,0,9,0,5,0,0,0,0,4,1,2,1,7,1998,2,10,7,2
2.01412E+12,2,9,0,18,0,1,0,0,7,4,1,1,2,1,6,1560,2,2,9,1
2.01412E+12,1,9,0,18,0,6,0,0,0,0,1,1,2,2,9,1396,2,3,5,1
2.01412E+12,1,9,0,18,0,0,0,0,0,0,1,1,1,1,8,1956,2,4,5,3
2.01412E+12,2,19,0,2,0,0,0,0,0,0,2,1,1,1,7,2198,2,2,-1,1
2.01412E+12,1,9,0,5,0,4,0,0,0,0,1,1,6,2,8,1493,2,7,9,1
2.01412E+12,1,9,0,9,0,0,0,0,0,0,4,1,6,2,5,2993,2,3,8,2
2.01412E+12,1,9,0,18,0,0,1,0,0,0,1,1,6,2,10,1870,2,7,8,3
2.01412E+12,1,9,0,9,0,6,0,0,0,0,1,1,6,1,11,2148,2,8,8,3
2.01412E+12,3,9,0,18,0,1,0,0,0,0,1,1,6,1,10,1461,2,9,3,1
2.01412E+12,1,19,0,18,0,3,0,0,0,0,4,1,6,1,8,1998,2,12,7,1
2.01412E+12,2,9,0,3,0,1,0,0,0,0,2,1,6,1,7,1560,2,2,9,3
2.01412E+12,3,9,0,3,0,1,0,0,0,0,2,1,6,2,7,1968,2,6,1,1
2.01412E+12,1,9,0,3,0,0,0,0,0,0,2,1,6,2,7,1986,2,6,8,1
2.01412E+12,2,9,0,18,0,0,0,0,0,0,2,1,6,2,8,1598,2,3,10,1
2.01412E+12,1,9,0,18,0,0,1,0,0,0,1,1,6,1,10,2179,2,7,9,3
2.01412E+12,3,9,0,9,0,0,0,0,0,0,0,1,6,1,7,1968,2,3,10,1
2.01412E+12,2,19,0,18,0,1,1,0,0,0,1,1,6,1,7,2402,2,10,4,3
2.01412E+12,1,19,0,18,0,0,0,0,0,0,1,1,1,1,5,2148,2,8,9,1
2.01412E+12,1,9,0,18,0,2,0,0,0,0,4,1,6,2,6,1997,2,10,5,2
2.01412E+12,3,9,0,4,0,0,0,0,0,0,2,1,6,2,8,2204,2,9,9,3
2.01412E+12,4,9,0,4,0,0,0,0,0,0,2,1,6,1,9,1968,2,-1,10,1
2.01412E+12,1,9,0,7,0,6,0,0,0,0,1,1,6,1,9,1968,2,2,4,1
2.01412E+12,2,9,0,4,0,4,0,0,0,0,1,1,6,2,8,1896,2,10,9,3
2.01412E+12,2,9,0,7,0,0,0,0,0,0,4,1,6,2,7,1560,2,3,10,1
2.01412E+12,1,9,0,18,0,0,1,0,1,4,1,1,1,2,5,1248,2,5,10,2
2.01412E+12,1,9,0,4,0,0,0,0,0,0,2,1,1,1,6,1686,2,4,9,2
2.01412E+12,2,9,0,4,0,0,0,0,0,0,1,1,1,1,6,1900,2,16,10,1
2.01412E+12,1,11,0,4,0,0,0,0,0,0,1,1,1,1,5,12400,2,3,-1,1
2.01412E+12,1,21,0,5,0,4,0,0,0,0,4,1,1,1,8,12740,2,1,8,1
2.01412E+12,1,19,0,1,0,0,0,0,0,0,0,1,1,1,8,1870,2,10,9,1
2.01412E+12,1,10,0,3,0,4,0,0,0,0,1,1,1,1,9,2198,2,1,3,1
2.01412E+12,1,9,0,18,0,0,0,0,0,0,0,1,1,1,7,1968,2,6,7,1
2.01412E+12,1,9,0,5,0,8,0,0,0,0,1,1,2,1,7,1461,2,1,9,1
2.01412E+12,1,9,0,5,0,6,0,0,0,0,1,1,6,1,7,1951,2,13,2,1
2.01412E+12,1,9,0,9,0,1,0,0,0,0,1,1,6,2,6,1686,2,9,9,1
2.01412E+12,1,9,0,9,0,8,0,0,0,0,4,1,2,1,6,1968,2,5,2,1
2.01412E+12,1,9,0,18,0,0,0,0,0,0,1,1,6,1,4,1910,2,6,7,1
2.01412E+12,2,9,0,2,0,0,0,0,0,0,2,1,6,3,8,1560,2,7,-1,-1
2.01412E+12,2,9,0,3,0,1,0,0,0,0,2,1,6,2,4,1248,2,5,8,3
2.01412E+12,1,9,0,6,0,0,0,0,0,0,3,1,6,1,8,2401,2,7,8,1
2.01412E+12,1,8,0,9,0,6,0,0,0,0,1,1,6,1,6,1956,2,3,7,1
2.01412E+12,2,19,0,18,0,1,0,0,0,0,1,1,6,1,4,1248,2,7,9,2
2.01412E+12,1,9,0,9,0,6,0,0,0,0,1,1,6,2,5,1461,2,6,4,1
2.01412E+12,2,9,0,18,0,8,0,0,0,0,4,1,6,1,6,1910,2,7,5,1
2.01412E+12,1,9,0,9,0,8,0,0,0,0,1,1,1,1,8,2204,2,10,6,1
2.01412E+12,1,9,0,9,0,1,0,0,0,0,1,1,6,2,5,1956,2,2,2,1
2.01412E+12,1,9,0,7,0,1,0,0,0,0,1,1,2,1,7,1997,2,14,8,1
2.01412E+12,1,9,0,5,0,4,0,0,0,0,1,1,6,3,-1,1995,2,1,-1,-1
2.01412E+12,1,9,0,4,0,1,0,0,0,0,2,1,6,2,6,1686,2,19,3,1
2.01412E+12,2,9,0,5,0,0,0,0,0,0,0,1,6,1,7,1399,2,8,3,1
2.01412E+12,1,9,0,3,0,0,0,0,0,0,2,1,6,1,8,2401,2,11,10,1
2.01412E+12,2,9,0,18,0,0,0,0,0,0,1,1,6,1,4,1461,2,11,7,1
2.01412E+12,1,11,0,5,0,0,0,0,0,0,0,1,1,1,10,6700,2,6,10,2
2.01412E+12,1,9,0,3,0,1,0,0,0,0,1,1,6,1,11,1968,2,1,-1,-1
2.01412E+12,5,9,0,3,0,1,0,0,0,0,2,1,6,1,9,2499,2,11,5,2
2.01412E+12,3,9,0,4,0,0,1,0,0,0,2,1,1,2,6,2179,2,1,8,2
2.01412E+12,1,9,0,18,0,4,0,0,0,0,1,1,2,1,6,1910,2,8,5,1
2.01412E+12,1,21,1,18,0,0,0,0,0,0,1,1,1,1,9,12900,2,-1,7,2
2.01412E+12,1,9,0,18,0,2,0,0,0,0,3,1,6,1,8,2488,2,1,7,1
2.01412E+12,2,19,0,18,0,1,1,0,1,1,3,1,2,1,8,1868,2,12,-1,1
2.01412E+12,1,9,0,15,0,0,0,0,0,0,4,1,6,1,11,1997,2,13,9,2
2.01412E+12,1,9,0,7,0,0,0,0,0,0,0,1,6,1,8,1560,2,7,2,1
2.01412E+12,1,19,0,9,0,8,0,0,0,0,4,1,1,1,8,1753,2,6,3,1
2.01412E+12,1,19,0,15,0,0,0,0,7,0,0,1,3,1,7,1870,2,9,2,1
2.01412E+12,2,17,4,9,0,0,0,0,7,11,3,1,1,1,7,-1,2,5,10,1
2.01412E+12,2,19,0,18,0,3,0,0,0,0,1,1,1,1,7,2148,2,5,1,1
2.01412E+12,1,9,0,18,0,1,0,0,0,0,3,1,6,1,10,1560,2,-1,10,2
2.01412E+12,1,9,0,3,0,0,0,0,0,0,2,1,6,1,8,2688,2,10,8,1
2.01412E+12,1,9,0,4,0,1,0,0,0,0,2,1,6,2,5,1560,2,1,9,2
2.01412E+12,3,9,0,4,0,2,0,0,0,0,2,1,6,1,8,1560,2,2,3,1
2.01412E+12,4,9,0,4,0,2,0,0,0,0,2,1,6,1,8,1968,2,3,7,3
2.01412E+12,2,19,0,6,0,0,0,0,0,0,2,1,1,1,6,1868,2,7,3,1
2.01412E+12,1,9,0,2,7,2,0,0,0,0,2,1,3,2,7,2993,2,3,8,3
2.01412E+12,2,9,0,18,0,1,0,0,0,0,4,1,2,1,8,1968,2,6,9,2
2.01412E+12,1,19,0,18,0,1,0,0,0,0,4,1,6,1,7,1998,2,13,3,1
2.01412E+12,1,8,0,18,0,8,0,0,0,0,1,1,1,1,8,1997,2,10,6,1
2.01412E+12,1,9,0,9,0,6,0,0,0,0,1,1,6,2,6,2179,2,12,3,1
2.01412E+12,1,21,0,18,0,0,0,0,0,0,1,1,1,1,8,5900,2,4,9,1
2.01412E+12,1,9,0,3,0,0,0,0,0,0,2,1,1,2,6,1900,2,8,8,1
2.01412E+12,1,9,0,13,0,0,0,0,0,0,3,1,6,1,7,1686,2,13,9,1
2.01412E+12,2,9,0,18,0,8,0,0,0,0,1,1,6,1,6,1753,2,6,1,1
2.01412E+12,2,9,0,1,0,0,0,0,0,0,1,1,6,2,7,2993,2,9,5,1
2.01412E+12,2,19,0,10,0,2,0,0,0,0,3,1,6,1,6,1753,2,13,10,1
2.01412E+12,2,9,0,18,0,3,0,0,0,0,4,1,6,1,7,1968,2,5,10,1
2.01412E+12,1,8,0,4,0,1,0,0,0,0,0,1,1,1,8,1997,2,3,2,1
2.01412E+12,3,9,0,18,0,4,0,0,0,0,0,1,1,1,6,2993,2,4,4,2
2.01412E+12,1,19,0,18,0,0,0,4,0,0,1,1,1,1,9,2143,2,2,7,1
2.01412E+12,2,21,0,2,0,0,0,0,0,0,2,1,1,1,8,12740,2,1,7,2
2.01412E+12,1,9,0,9,0,6,0,0,0,0,1,1,6,2,7,1560,2,2,9,1
2.01412E+12,1,9,0,7,0,1,0,0,3,9,1,1,6,2,4,1248,2,4,2,1
2.01412E+12,1,9,0,4,0,1,0,0,0,0,1,1,6,1,5,1796,2,1,8,1
2.01412E+12,2,11,0,9,0,8,0,0,0,0,4,1,1,2,8,7300,2,6,9,1
2.01412E+12,2,9,0,2,0,0,0,0,0,0,0,1,6,2,6,1560,2,1,2,1
2.01412E+12,1,19,0,5,0,1,0,0,0,0,4,1,2,1,9,1598,2,1,-1,1
2.01412E+12,1,9,0,4,0,0,0,0,0,0,2,1,6,2,4,1248,2,6,6,3
2.01412E+12,1,9,0,18,0,0,0,0,0,0,4,1,6,2,9,1560,2,6,10,2
2.01412E+12,1,9,0,9,0,1,0,0,0,0,1,1,6,2,7,2231,2,1,-1,-1
2.01412E+12,2,9,0,4,0,0,0,0,0,0,2,1,6,1,5,1461,2,9,7,1
2.01412E+12,1,8,0,18,0,8,0,0,0,0,1,1,1,1,7,2402,2,8,3,1
2.01412E+12,2,9,0,18,0,8,0,0,0,0,4,1,6,1,6,1910,2,7,1,1
2.01412E+12,1,11,0,16,0,0,0,0,0,0,0,1,1,2,8,4500,2,1,9,3
2.01412E+12,1,9,0,4,0,0,0,0,0,0,1,1,6,2,6,1956,2,4,4,1
2.01412E+12,2,9,0,18,0,0,0,0,0,0,2,1,1,1,4,1422,2,4,7,3
2.01412E+12,2,9,0,4,0,0,0,0,0,0,1,1,6,2,7,1997,2,13,7,1
2.01412E+12,2,9,0,18,0,1,0,0,0,0,1,1,6,2,8,1896,2,11,8,1
2.01412E+12,2,9,0,17,0,0,0,0,0,0,1,1,6,1,7,1560,2,-1,3,2
2.01412E+12,2,19,0,18,0,1,0,0,0,0,1,1,6,1,8,2287,2,1,9,2
2.01412E+12,1,9,0,7,0,8,0,0,0,0,3,1,2,1,7,1956,2,4,9,1
2.01412E+12,1,9,0,5,0,0,0,0,0,0,1,1,1,3,7,1995,2,11,3,1
2.01412E+12,3,9,0,18,0,0,0,0,0,0,2,1,6,1,9,2497,2,7,9,1
2.01412E+12,2,9,0,18,0,4,0,0,0,0,4,1,2,2,7,1461,2,7,7,1
2.01412E+12,2,9,0,4,0,0,0,0,0,0,2,1,6,1,7,1995,2,4,6,1
2.01412E+12,3,9,0,4,0,0,0,0,0,0,1,1,6,1,8,1582,2,-1,10,1
2.01412E+12,1,19,0,7,0,6,0,0,0,0,1,1,1,1,4,1998,2,11,6,1
2.01412E+12,1,9,0,18,0,0,1,0,0,0,1,1,2,1,4,1461,2,11,10,1
2.01412E+12,2,9,0,3,0,0,0,0,0,0,2,1,6,1,8,1363,2,10,7,3
2.01412E+12,3,9,0,3,0,0,0,0,0,0,2,1,6,1,9,2204,2,5,8,3
2.01412E+12,1,9,0,18,6,0,0,0,0,0,1,1,6,1,7,2000,2,8,9,1
2.01412E+12,2,9,0,3,0,1,0,0,0,0,1,1,6,3,7,1598,2,3,7,1
2.01412E+12,1,9,0,5,0,3,0,0,0,0,2,1,6,2,7,1997,2,11,10,1
2.01412E+12,1,9,0,4,0,1,0,0,0,0,2,1,6,1,5,1560,2,5,2,1
2.01412E+12,2,9,0,4,0,1,0,0,0,0,2,1,6,2,8,1753,2,8,10,1
2.01412E+12,1,8,0,7,0,8,0,0,0,0,1,1,1,1,7,1998,2,8,4,1
2.01412E+12,1,11,0,18,0,0,0,0,0,0,4,1,1,1,6,7300,2,12,2,1
2.01412E+12,1,11,0,18,0,0,0,0,0,0,0,1,1,1,8,6692,2,5,3,1
2.01412E+12,2,8,0,18,0,8,0,0,0,0,1,1,1,1,8,1910,2,7,10,3
2.01412E+12,1,8,0,3,0,0,0,0,0,0,2,1,1,1,8,1560,2,5,10,1
2.01412E+12,1,9,0,18,0,0,0,0,0,0,3,1,6,1,6,1968,2,-1,10,1
2.01412E+12,1,19,0,1,0,0,0,0,0,0,2,1,2,1,6,2198,2,3,8,1
2.01412E+12,1,9,0,15,0,0,0,0,0,0,4,1,6,2,5,1398,2,4,4,1
2.01412E+12,1,9,0,7,0,4,0,0,0,0,1,1,1,1,7,1998,2,-1,8,1
2.01412E+12,1,19,0,18,0,1,0,0,0,0,1,1,1,1,9,1560,2,7,10,1
2.01412E+12,1,9,0,18,0,8,0,0,0,0,1,1,6,1,6,1560,2,3,8,1
2.01412E+12,1,21,0,9,8,6,0,0,0,0,4,1,1,1,6,12740,2,2,6,2
2.01412E+12,1,9,0,18,0,0,0,0,0,0,0,1,6,1,9,2987,2,3,7,3
2.01412E+12,2,20,0,2,0,0,0,0,0,0,2,1,1,1,7,4461,2,5,3,2
2.01412E+12,1,9,0,5,0,0,0,0,0,0,1,1,6,2,8,1968,2,4,4,1
2.01412E+12,1,9,0,7,0,1,0,0,0,0,4,1,6,1,10,2179,2,2,10,1
2.01412E+12,1,9,0,2,0,2,0,0,1,10,2,1,6,2,9,2179,2,2,9,3
2.01412E+12,1,9,0,2,0,0,0,0,0,0,2,1,6,2,7,1968,2,6,9,1
2.01412E+12,1,11,0,3,0,1,0,0,0,0,0,1,1,1,8,6692,2,5,2,2
2.01412E+12,2,9,0,9,0,8,0,0,0,0,1,1,6,1,8,1968,2,1,10,1
2.01412E+12,2,11,0,18,0,0,0,0,0,0,1,1,1,1,8,9360,2,7,10,1
2.01412E+12,3,9,0,2,0,0,0,0,0,0,2,1,6,3,-1,2720,2,9,7,1
2.01412E+12,1,9,0,18,0,2,0,0,0,0,1,1,6,3,10,1685,2,1,10,1
2.01412E+12,1,9,0,7,0,1,0,0,0,0,2,1,1,1,7,1896,2,7,7,1
2.01412E+12,2,20,0,3,0,1,0,0,0,0,2,1,1,1,9,6692,2,5,10,1
2.01412E+12,2,9,0,18,0,8,0,0,0,0,2,1,6,1,7,2143,2,2,8,3
2.01412E+12,3,9,0,18,0,0,0,0,0,0,3,1,6,2,8,1896,2,5,8,3
2.01412E+12,2,19,0,3,0,1,0,0,0,0,3,1,1,1,6,2198,2,-1,2,1
2.01412E+12,1,9,0,9,0,8,0,0,0,0,4,1,2,1,7,1399,2,5,2,1
2.01412E+12,1,8,0,18,0,0,0,0,0,0,1,1,1,1,7,2198,2,9,4,1
2.01412E+12,1,21,0,7,0,8,0,0,0,0,1,1,1,1,6,6693,2,1,6,1
2.01412E+12,1,19,0,18,0,2,0,0,0,0,3,1,6,1,6,2198,2,3,2,1
2.01412E+12,1,8,0,18,0,0,0,0,0,0,1,1,1,1,9,2401,2,11,5,3
2.01412E+12,1,9,0,4,0,4,0,0,0,0,2,1,1,2,6,1598,2,-1,-1,-1
2.01412E+12,2,9,0,18,0,4,0,0,0,0,1,1,6,1,7,1598,2,2,8,1
2.01412E+12,1,19,0,9,0,0,0,0,0,0,3,1,2,1,6,1248,2,7,9,3
2.01412E+12,2,9,0,5,0,4,0,0,0,0,1,1,2,1,6,1598,2,2,5,1
2.01412E+12,2,8,0,7,4,5,0,0,0,0,4,1,1,1,9,1560,2,2,10,2
2.01412E+12,2,9,0,4,0,2,0,0,0,0,2,1,6,2,7,1995,2,9,3,1
2.01412E+12,2,9,0,6,0,8,0,0,0,0,0,1,1,2,6,2967,2,4,7,3
2.01412E+12,1,9,0,18,0,1,0,0,0,0,1,1,2,1,6,1896,2,8,2,1
2.01412E+12,1,9,0,3,0,0,0,0,0,0,3,1,6,1,8,1956,2,2,8,3
2.01412E+12,1,9,0,18,0,8,0,0,0,0,4,1,6,2,11,1560,2,8,10,2
2.01412E+12,1,11,0,3,0,0,0,0,0,0,0,1,1,1,9,11967,2,5,3,1
2.01412E+12,1,9,0,5,0,4,0,0,0,0,1,1,6,1,9,1896,2,7,9,1
2.01412E+12,2,9,0,9,0,8,0,0,0,0,3,1,6,1,10,2143,2,2,10,2
2.01412E+12,2,9,0,10,0,1,0,0,0,0,4,1,6,1,8,2967,2,2,10,2
2.01412E+12,1,9,0,5,0,1,0,0,0,0,1,1,1,1,8,1598,2,3,10,1
2.01412E+12,1,9,0,9,0,2,0,0,0,0,1,1,6,1,8,1995,2,2,8,1
2.01412E+12,1,9,0,5,9,0,0,0,0,0,1,1,2,2,7,1995,2,1,7,1
2.01412E+12,1,19,0,9,0,8,0,0,0,0,4,1,1,1,5,1968,2,3,5,1
2.01412E+12,1,9,0,9,0,3,0,0,0,0,1,1,6,1,6,2967,2,4,3,1
2.01412E+12,1,9,0,18,0,0,0,0,7,11,1,1,6,1,8,1248,2,5,3,1
2.01412E+12,1,9,0,18,0,0,0,0,0,0,1,1,1,1,8,1997,2,3,10,3
2.01412E+12,1,9,0,3,0,0,0,0,0,0,2,1,2,1,8,2179,2,-1,8,3
2.01412E+12,1,9,0,18,0,0,0,0,0,0,1,1,2,1,8,2800,2,30,8,3
2.01412E+12,1,9,0,18,0,0,0,0,0,0,0,1,2,1,6,1968,2,7,3,2
2.01412E+12,1,9,0,9,0,1,0,0,0,0,1,1,6,1,7,1997,2,4,7,1
2.01412E+12,1,9,0,9,0,5,0,0,0,0,2,1,2,1,4,2495,2,12,8,3
2.01412E+12,1,9,0,10,0,0,0,0,0,0,2,1,6,1,9,2199,2,-1,-1,-1
2.01412E+12,1,9,0,7,0,2,0,0,0,0,1,1,6,1,7,1995,2,8,6,3
2.01412E+12,2,9,0,10,0,8,0,0,0,0,3,1,6,2,9,2400,2,6,10,1
2.01412E+12,1,9,0,9,0,2,0,0,0,0,1,1,2,1,8,1968,2,-1,9,1
2.01412E+12,1,11,0,5,0,4,0,0,0,0,1,1,1,1,7,11600,2,13,5,2
2.01412E+12,2,9,0,3,0,4,0,0,0,0,1,1,6,2,7,1560,2,9,10,2
2.01412E+12,2,19,0,18,0,0,0,0,0,0,2,1,6,1,8,2500,2,8,10,2
2.01412E+12,1,9,0,9,0,3,0,0,0,0,1,1,6,3,-1,1997,2,9,-1,-1
2.01412E+12,2,9,0,4,0,4,0,0,0,0,3,1,6,1,6,1422,2,5,6,3
2.01412E+12,1,21,0,18,0,0,0,0,0,0,1,1,1,1,8,4580,2,1,6,1
2.01412E+12,1,9,0,18,0,0,0,0,0,0,1,1,2,1,5,1248,2,-1,7,1
2.01412E+12,2,9,0,18,0,0,0,0,0,0,1,1,6,2,8,2401,2,10,8,1
2.01412E+12,1,9,0,9,0,8,0,0,0,0,1,1,6,2,6,1998,2,1,4,1
2.01412E+12,2,9,0,18,0,1,0,0,0,0,3,1,6,1,11,1995,2,-1,9,2
2.01412E+12,2,9,0,18,0,1,0,0,7,11,1,1,6,1,8,1968,2,4,8,3
2.01412E+12,1,9,0,5,8,0,0,0,0,0,0,1,6,1,4,1997,2,13,8,1
2.01412E+12,1,9,0,4,0,4,1,0,0,0,1,1,2,2,7,1560,2,3,6,1
2.01412E+12,2,9,0,2,0,2,0,0,0,0,3,1,6,3,-1,1798,5,10,3,1
2.00812E+12,2,9,0,5,0,1,0,0,0,0,2,1,15,2,5,1598,6,10,5,3
2.01212E+12,1,9,0,2,0,0,0,0,0,0,2,2,6,1,8,2967,6,13,1,1
2.00612E+12,4,9,0,18,0,0,0,0,0,0,1,1,1,2,10,1796,7,4,-1,-1
2.00612E+12,3,9,0,3,0,0,0,0,0,0,2,1,1,1,7,1598,7,5,8,2
2.00912E+12,2,9,0,12,0,6,0,0,0,0,1,1,15,1,8,4197,7,4,6,1
2.00912E+12,1,9,0,4,0,0,0,0,0,0,2,1,2,1,9,599,7,8,2,1
2.01212E+12,2,9,0,18,0,3,0,0,0,0,4,1,6,1,-1,1997,7,11,-1,-1
2.00812E+12,1,9,0,18,0,0,0,0,0,0,1,1,2,1,9,3456,8,2,10,1
2.01012E+12,1,9,0,7,0,6,0,0,3,1,1,1,15,1,10,1497,8,1,-1,-1
2.01012E+12,1,9,0,18,0,0,0,0,0,0,3,1,15,2,7,1339,8,1,10,1
2.01012E+12,1,9,0,18,0,0,0,0,0,0,2,1,1,1,9,1339,8,1,8,1
2.01112E+12,1,9,0,18,0,0,0,0,0,0,1,1,6,1,6,1497,8,-1,8,1
2.01112E+12,3,9,0,18,0,0,0,0,0,0,1,1,6,1,10,1497,8,4,-1,-1
2.01312E+12,1,9,0,18,0,0,1,0,0,0,1,1,6,1,9,1797,8,4,5,1
2.01312E+12,1,8,0,1,0,0,0,0,0,0,2,1,1,1,7,1497,8,7,7,3
2.01312E+12,2,9,0,5,0,4,0,0,0,0,4,1,6,1,6,1797,8,2,-1,-1
2.01312E+12,2,9,0,5,0,6,0,0,0,0,2,1,6,2,8,3311,8,8,8,2
2.01312E+12,1,8,0,3,0,0,0,0,0,0,2,1,1,1,7,1797,8,2,6,1
2.01412E+12,2,9,0,9,0,6,0,0,0,0,3,1,1,1,9,1339,8,3,3,1
2.01412E+12,1,9,0,18,0,0,0,0,0,0,1,1,6,1,6,1798,8,-1,-1,1
2.01412E+12,1,9,0,4,0,0,0,0,0,0,2,1,2,1,9,2493,8,-1,6,1
2.01412E+12,1,8,0,18,0,1,0,0,0,0,1,1,6,1,7,1797,8,4,2,1
2.01412E+12,1,9,0,18,0,8,0,0,0,0,4,1,6,1,5,1797,8,-1,9,1